Name,Latitude,Longitude,,Latitude_0,Longitude_0,,C_T,C_G
Auspak Automotive,null,null,,null,null,,null,null
Specialised Automotive,53.293371,-6.430961,,null,null,,53.293371,-6.430961
Eagles Automotive Centre,null,null,,null,null,,null,null
Carrera Automotive Repairs,51.474678,5.622127,,null,null,,51.474678,5.622127
Autotech Automotive Protection,23.058735,-82.402787,,null,null,,23.058735,-82.402787
European Automotive Repairs,null,null,,null,null,,null,null
Specialised Automotive Electronics,44.668863,10.599451,,null,null,,44.668863,10.599451
Geoff's Automotive Service Centre,null,null,,null,null,,null,null
Tez Automotive,19.812271,-97.361036,,null,null,,19.812271,-97.361036
Jepson Automotive Services,36.177378,43.940556,,null,null,,36.177378,43.940556
Lachlan Cook Automotive,-32.775521,147.070289,,null,null,,-32.775521,147.070289
Don Houghton Automotive,47.236727,39.702793,,null,null,,47.236727,39.702793
1st Call Automotive,null,null,,null,null,,null,null
Fairfield Central Automotive,null,null,,null,null,,null,null
Botany Bay Automotive,-33.939724,151.203852,,null,null,,-33.939724,151.203852
Hall's Gully Automotive,-33.486786,150.830748,,null,null,,-33.486786,150.830748
South Eastern Automotive,-12.819233,-50.657067,,null,null,,-12.819233,-50.657067
Mark II Automotive,null,null,,null,null,,null,null
Straight Steer Automotive,48.942803,9.136616,,null,null,,48.942803,9.136616
Five dock automotive pty ltd,null,null,,null,null,,null,null
AMR Automotive Group,32.807809,-97.204778,,-33.84907,151.13834,,-33.84907,151.13834
Sinclair Automotive - Australia,-33.865202,121.872683,,null,null,,-33.865202,121.872683
IMPARTS AUTOMOTIVE PTY. LTD.,-33.779957,151.277308,,null,null,,-33.779957,151.277308
ZERO Automotive,43.98613,-92.230336,,-34.897945,138.59166,,-34.897945,138.59166
Australian Automotive Group,32.807809,-97.204778,,null,null,,32.807809,-97.204778
Remus Exhaust - REMUS Automotive,null,null,,-37.803425,145.01105,,-37.803425,145.01105
Pit Lane Automotive and Performance,null,null,,null,null,,null,null
Torque Automotive,42.034676,-4.321418,,null,null,,42.034676,-4.321418
Neale Goad Automotive,-24.291315,129.967965,,-37.53209,143.82254,,-37.53209,143.82254
Xtime,null,null,,null,null,,null,null
Steve Johnson Automotive,-25.83694,29.55194,,null,null,,-25.83694,29.55194
Kiwi French Automotive,46.977895,7.472803,,null,null,,46.977895,7.472803
Dee Why Automotive,-33.752429,151.286621,,null,null,,-33.752429,151.286621
Gary Tenni Automotive,41.589885,-87.346786,,null,null,,41.589885,-87.346786
Eddy Nash Automotive,32.482393,-104.304374,,null,null,,32.482393,-104.304374
Peter Ragonese Automotive,null,null,,null,null,,null,null
21st Century Automotive Engineering,null,null,,null,null,,null,null
L. C. Automotive,51.474678,5.622127,,null,null,,51.474678,5.622127
Peter Murphy Automotive Repairs,16.776738,-62.196701,,null,null,,16.776738,-62.196701
Kiama Central Automotive,-34.671698,150.849093,,null,null,,-34.671698,150.849093
Pro-R Automotive,51.474678,5.622127,,null,null,,51.474678,5.622127
Sewells MSXI,43.806422,-79.21834,,null,null,,43.806422,-79.21834
K & G Automotive Car Servicing & Repairs,51.394513,0.490951,,null,null,,51.394513,0.490951
Midac Batteries SpA,55.936778,-4.564952,,null,null,,55.936778,-4.564952
Ashdown-Ingram,null,null,,null,null,,null,null
Honda Australia Motor Vehicles,22.90361,-83.15917,,null,null,,22.90361,-83.15917
West Coast Automotive Supplies,13.23333,-16.35,,-31.939821,115.8162,,-31.939821,115.8162
Lexus Australia,null,null,,null,null,,null,null
CKD Automotive Pty Ltd,-33.779957,151.277308,,null,null,,-33.779957,151.277308
Adrian Brien Automotive - Forestville Service Centre,40.229863,-75.519641,,-34.897945,138.59166,,-34.897945,138.59166
Hicks Automotive & Exhaust Centre,38.147792,-85.691313,,null,null,,38.147792,-85.691313
Kilmartin Automotive Sheetmetal,56.135582,-5.484705,,null,null,,56.135582,-5.484705
Saab Automotive Services,36.177378,43.940556,,null,null,,36.177378,43.940556
Comet Automotive Service Centre,36.177378,43.940556,,null,null,,36.177378,43.940556
Medina Automotive Service,36.177378,43.940556,,null,null,,36.177378,43.940556
Sabbadin Automotive,45.481934,12.292182,,null,null,,45.481934,12.292182
Precision Automotive Racing,null,null,,null,null,,null,null
Camex Automotive,40.376878,49.853801,,null,null,,40.376878,49.853801
LPD Automotive,null,null,,null,null,,null,null
Echelon Automotive,39.847855,-74.995294,,null,null,,39.847855,-74.995294
Grange Automotive,null,null,,null,null,,null,null
Powerstroke Automotive,49.184916,-97.917322,,null,null,,49.184916,-97.917322
Grady's Automotive,-28.43141,152.9558,,null,null,,-28.43141,152.9558
SN Automotive,6.251044,36.581461,,null,null,,6.251044,36.581461
Marrickville Automotive Services,36.177378,43.940556,,null,null,,36.177378,43.940556
Albion Automotive Repairs,42.24775,-84.757263,,null,null,,42.24775,-84.757263
Primus Automotive,50.498393,19.193421,,null,null,,50.498393,19.193421
Memmott's Automotive,43.98613,-92.230336,,null,null,,43.98613,-92.230336
Colourfast Automotive,43.98613,-92.230336,,-25.574999,134.3547,,-25.574999,134.3547
Sanders Automotive,30.406006,-87.230798,,null,null,,30.406006,-87.230798
Promata Automotive,null,null,,-33.84907,151.13834,,-33.84907,151.13834
Supershops Automotive Systems (SAS),-19.952851,-44.095708,,null,null,,-19.952851,-44.095708
Darrington Automotive Consultants Pte. Ltd.,null,null,,-27.994457,153.40938,,-27.994457,153.40938
ZERO Automotive Pty Ltd,-33.779957,151.277308,,-34.897945,138.59166,,-34.897945,138.59166
Karvel Automotive,54.907418,23.788175,,null,null,,54.907418,23.788175
Q Automotive Group,32.807809,-97.204778,,null,null,,32.807809,-97.204778
MSX International,-2.946164,12.699002,,null,null,,-2.946164,12.699002
LDV Automotive Australia,null,null,,null,null,,null,null
TD Automotive,50.391409,-105.534357,,-25.574999,134.3547,,-25.574999,134.3547
Careers at Cox Automotive Media Solutions,50.795969,-1.093789,,-33.84907,151.13834,,-33.84907,151.13834
Tayell Automotive,43.98613,-92.230336,,null,null,,43.98613,-92.230336
Nerang Automotive Centre,null,null,,null,null,,null,null
Keystone Automotive Services,null,null,,null,null,,null,null
Lismore Automotive Service,36.177378,43.940556,,null,null,,36.177378,43.940556
S & A Automotive,null,null,,null,null,,null,null
Ricol Automotive,null,null,,null,null,,null,null
Huskisson Automotive,-35.042232,150.67136,,null,null,,-35.042232,150.67136
Krause Automotive Fabrications,-33.29219,151.419591,,null,null,,-33.29219,151.419591
Appleyard Automotive,53.808435,-1.755063,,null,null,,53.808435,-1.755063
SER Automotive,36.177378,43.940556,,null,null,,36.177378,43.940556
Blits Automotive Design,null,null,,null,null,,null,null
Spectra Automotive Paints,-32.045572,115.75565,,null,null,,-32.045572,115.75565
Supergas Automotive,-22.748854,-43.494189,,null,null,,-22.748854,-43.494189
Britek Automotive,43.98613,-92.230336,,null,null,,43.98613,-92.230336
Ollington Automotive Services,36.177378,43.940556,,null,null,,36.177378,43.940556
LRH Automotive Services,36.177378,43.940556,,null,null,,36.177378,43.940556
Spinners Automotive,-28.076867,153.443511,,null,null,,-28.076867,153.443511
STERLING AUTOMOTIVE EQUIPMENT,42.576979,-83.033617,,null,null,,42.576979,-83.033617
Lanza Automotive,45.471828,9.182256,,null,null,,45.471828,9.182256
Hycraft Automotive,null,null,,null,null,,null,null
Paul Whyte Automotive,15.359526,-61.369031,,null,null,,15.359526,-61.369031
Dick Ralston Automotive,null,null,,null,null,,null,null
MacArthur Grange Automotive Services,29.529026,-98.441716,,null,null,,29.529026,-98.441716
Doctor Martin Automotive Repairs,null,null,,null,null,,null,null
North Road Automotive,null,null,,null,null,,null,null
Officer Smith Automotive Pty Ltd,null,null,,null,null,,null,null
D.A. Automotive Repairs,-30.51406,151.662388,,null,null,,-30.51406,151.662388
Bob Sell Automotive Repairs,null,null,,null,null,,null,null
Fountain Gate Automotive,-38.0263,145.3069,,null,null,,-38.0263,145.3069
St Leonards Automotive & Marine,42.704476,-76.420904,,null,null,,42.704476,-76.420904
Auto Parts Group,18.486088,-69.876,,null,null,,18.486088,-69.876
Auto Innovation Centre,null,null,,null,null,,null,null
Silver Star Motors,null,null,,null,null,,null,null
Exhaust Notes Australia,null,null,,null,null,,null,null
Mercedes-Benz Waverley,44.477172,26.058145,,null,null,,44.477172,26.058145
Carly Car Subscription,51.744933,-2.217144,,null,null,,51.744933,-2.217144
Future Auto Service Centres Yeronga/Rocklea (C.A.R.S. Complete Automotive Repairs & Services),7.232453,-8.985577,,-27.47126,153.01831,,-27.47126,153.01831
Sheen Panel Service,-25.719373,28.15336,,null,null,,-25.719373,28.15336
Mount Gravatt Mazda,-27.537286,153.076779,,null,null,,-27.537286,153.076779
Smith Motor Group,35.372017,-94.386,,-34.897945,138.59166,,-34.897945,138.59166
Wayne Phillis Automotive,39.772026,-86.261729,,null,null,,39.772026,-86.261729
ATR Automotive,49.622641,6.055723,,null,null,,49.622641,6.055723
RMIT Mechanical & Automotive Engineering Association (MAEA),10.640576,-61.301171,,null,null,,10.640576,-61.301171
Rosenthal Automotive Australia,-28.24013,152.01327,,-34.20717,140.74048,,-34.20717,140.74048
EGR Automotive,45.231942,5.677923,,null,null,,45.231942,5.677923
Summit Automotive Pty Ltd,null,null,,null,null,,null,null
Janrule Automotive Group Canberra,null,null,,null,null,,null,null
Fleet 1st Automotive Buying Specialists Pty Ltd,51.530637,-0.11884,,-31.939821,115.8162,,-31.939821,115.8162
Eagers Automotive Fleet,-27.446535,153.04388,,null,null,,-27.446535,153.04388
FLB Automotive Recruitment Pty Ltd,null,null,,-33.84907,151.13834,,-33.84907,151.13834
Parts4 Automotive,12.139491,-68.951334,,-38.193844,144.46815,,-38.193844,144.46815
Rapid Tune Automotive Services,null,null,,-27.47126,153.01831,,-27.47126,153.01831
Patico Automotive,null,null,,-37.803425,145.01105,,-37.803425,145.01105
Macarthur Automotive,40.459366,-74.381774,,null,null,,40.459366,-74.381774
KLARMANN - Automotive Solutions,35.851818,-84.241518,,-31.939821,115.8162,,-31.939821,115.8162
Pearson Automotive Milton,31.297703,-82.854083,,null,null,,31.297703,-82.854083
Adrian Brien Automotive,41.89791,-84.037938,,null,null,,41.89791,-84.037938
Cessnock Automotive Group,-32.83164,151.351392,,null,null,,-32.83164,151.351392
Allpoint Automotive,29.477449,-81.218533,,-37.803425,145.01105,,-37.803425,145.01105
Australian Automotive Intelligence,-35.292291,149.143962,,-37.803425,145.01105,,-37.803425,145.01105
True Blue Automotive PTY Ltd.,35.246709,-106.207246,,null,null,,35.246709,-106.207246
Eastern Valley Automotive,-35.245776,149.074835,,null,null,,-35.245776,149.074835
Hyper Coatings & Automotive,45.401623,-75.665346,,null,null,,45.401623,-75.665346
Bourke Road Automotive,null,null,,null,null,,null,null
Stuart's Arrow Automotive,-27.56871,151.950101,,null,null,,-27.56871,151.950101
Narre Warren Automotive,-38.012325,145.301574,,null,null,,-38.012325,145.301574
David Clark Automotive,8.42729,-82.43085,,null,null,,8.42729,-82.43085
Mark McCarthy Automotive,12.193792,-61.679851,,null,null,,12.193792,-61.679851
Hunter Street Automotive,51.995937,-0.99217,,null,null,,51.995937,-0.99217
Sure Stop Automotive Centre,null,null,,null,null,,null,null
Brown & Watson International Pty Ltd,53.257337,-1.427706,,null,null,,53.257337,-1.427706
Century Yuasa Batteries,44.03425,-121.338194,,null,null,,44.03425,-121.338194
Billy's Automotive Services,null,null,,null,null,,null,null
PFI Bearings,35.468147,-97.545931,,null,null,,35.468147,-97.545931
Mini Automotive,null,null,,null,null,,null,null
Mobile Automotive Detailing,null,null,,null,null,,null,null
Indian Automotive,22.20775,76.97021,,null,null,,22.20775,76.97021
Link Automotive,43.271714,-80.653255,,null,null,,43.271714,-80.653255
Karratha Automotive Group,null,null,,null,null,,null,null
JTS Automotive Repairs,-38.022981,144.415607,,null,null,,-38.022981,144.415607
Automotive Automation,48.722446,9.307491,,-37.803425,145.01105,,-37.803425,145.01105
Automotive Stars,37.565061,-77.468326,,-33.84907,151.13834,,-33.84907,151.13834
Automotive Brokering,null,null,,null,null,,null,null
Automotive Capital Investments,48.4462,-123.375341,,-37.803425,145.01105,,-37.803425,145.01105
AUTOMOTIVE SUPACENTRE,-27.315115,152.967447,,null,null,,-27.315115,152.967447
Automotive Therapy,41.166779,-111.969725,,-34.897945,138.59166,,-34.897945,138.59166
The Automotive Specialist,null,null,,-31.939821,115.8162,,-31.939821,115.8162
Zagame Automotive Group,32.807809,-97.204778,,null,null,,32.807809,-97.204778
Burson Automotive Pty Ltd,-33.779957,151.277308,,null,null,,-33.779957,151.277308
Filpro Automotive,48.151514,7.170449,,null,null,,48.151514,7.170449
CoolDrive Auto Parts,52.336845,14.069062,,null,null,,52.336845,14.069062
Buchanan Automotive,null,null,,null,null,,null,null
Mechanical & Automotive Service Centres,10.640576,-61.301171,,null,null,,10.640576,-61.301171
Autosports Group Limited,-37.823064,144.966873,,null,null,,-37.823064,144.966873
Boost Automotive,54.011634,10.023251,,null,null,,54.011634,10.023251
AAA Automotive,42.978938,-71.472862,,null,null,,42.978938,-71.472862
YAPP AUSTRALIA AUTOMOTIVE SYSTEMS PTY LTD,39.35789,-76.043558,,null,null,,39.35789,-76.043558
Rockstar Automotive,53.671409,23.819044,,null,null,,53.671409,23.819044
GMG Automotive,null,null,,null,null,,null,null
Local Automotive,-25.43586,27.73938,,null,null,,-25.43586,27.73938
Copyright One Call Automotive,null,null,,null,null,,null,null
His N Hers Automotive Solutions,43.06581,0.96824,,null,null,,43.06581,0.96824
SAIC Motor Australia and New Zealand,null,null,,null,null,,null,null
Northpoint Toyota,43.061669,-87.87941,,null,null,,43.061669,-87.87941
Carly Holdings Limited (ASX:CL8),null,null,,null,null,,null,null
D & C Auto Glass,null,null,,null,null,,null,null
Daimler Trucks Laverton,-27.550436,151.908542,,null,null,,-27.550436,151.908542
hsy autoparts,60.206941,24.921648,,null,null,,60.206941,24.921648
Tempe Tyres,33.403229,-111.923357,,null,null,,33.403229,-111.923357
MAHA Australia / New Zealand Pty Ltd,null,null,,null,null,,null,null
Italian Automotive Spares,-37.769825,144.98114,,null,null,,-37.769825,144.98114
GoAutoMedia,null,null,,null,null,,null,null
Platinum Automotive Sales,-25.514686,27.128727,,null,null,,-25.514686,27.128727
BRM Automotive,null,null,,null,null,,null,null
Ashfield Automotive,-33.888031,151.124724,,null,null,,-33.888031,151.124724
ULTRACARE AUTOMOTIVE KEMPSEY,10.718758,122.561073,,null,null,,10.718758,122.561073
Toyospec Automotive,43.98613,-92.230336,,null,null,,43.98613,-92.230336
Cassar Automotive,37.105721,14.946305,,null,null,,37.105721,14.946305
On Call Automotive,51.474678,5.622127,,null,null,,51.474678,5.622127
Louca Automotive,49.6019,17.08266,,null,null,,49.6019,17.08266
Automotive Panel Surgeons,null,null,,null,null,,null,null
Automotive Technologies of Australia,48.244139,14.641804,,null,null,,48.244139,14.641804
Whitworth's Automotive Polishing,null,null,,null,null,,null,null
Australian Automotive Research Centre (AARC),-38.35055,144.090856,,null,null,,-38.35055,144.090856
Permagard Automotive Australia,-35.029742,138.538507,,null,null,,-35.029742,138.538507
Fusion Automotive Pty Ltd,-33.779957,151.277308,,-37.803425,145.01105,,-37.803425,145.01105
Wakeling Automotive,-37.533396,143.84184,,null,null,,-37.533396,143.84184
Career Driven - now part of Bayside Group Automotive,null,null,,-33.84907,151.13834,,-33.84907,151.13834
McCarroll’s Automotive Group,32.807809,-97.204778,,null,null,,32.807809,-97.204778
DEM Automotive,35.164286,33.331059,,null,null,,35.164286,33.331059
GWA Automotive,35.146937,126.873489,,null,null,,35.146937,126.873489
Gejay Automotive,-7.768491,110.390946,,null,null,,-7.768491,110.390946
Johnston Automotive,35.513217,-78.365643,,null,null,,35.513217,-78.365643
Razz Automotive,-37.886541,145.15843,,null,null,,-37.886541,145.15843
Bird Automotive Bike,51.391135,-0.503955,,null,null,,51.391135,-0.503955
Dontex Automotive Services,null,null,,null,null,,null,null
DV Automotive,54.60101,-5.694689,,null,null,,54.60101,-5.694689
Shields Automotive,42.279367,-87.857563,,null,null,,42.279367,-87.857563
AutoNexus Pty Ltd,-38.094211,144.368721,,null,null,,-38.094211,144.368721
Prestige Automotive Solutions,35.851818,-84.241518,,null,null,,35.851818,-84.241518
Mainline Automotive Equipment Pty Ltd,null,null,,null,null,,null,null
Virginia Automotive,null,null,,null,null,,null,null
Nowra Automotive,-34.884583,150.60242,,null,null,,-34.884583,150.60242
Schultz Automotive Electrical Service,null,null,,null,null,,null,null
Clickable Automotive,43.98613,-92.230336,,null,null,,43.98613,-92.230336
Gippsland Automotive Services,36.177378,43.940556,,null,null,,36.177378,43.940556
Gibbsy's Automotive,43.98613,-92.230336,,null,null,,43.98613,-92.230336
Prestige Automotive Yarra Valley,null,null,,null,null,,null,null
OC Automotive,33.580582,-101.842394,,null,null,,33.580582,-101.842394
Global Automotive Transmission Services PTY LTD,null,null,,null,null,,null,null
Ross Automotive,41.471012,-87.310566,,null,null,,41.471012,-87.310566
Blingwork Automotive Lighting,52.073096,-1.934907,,null,null,,52.073096,-1.934907
AV Automotive,51.474678,5.622127,,null,null,,51.474678,5.622127
Maracoonda Automotive,43.98613,-92.230336,,null,null,,43.98613,-92.230336
Pacific Automotive Services Pty Ltd,36.177378,43.940556,,-33.84907,151.13834,,-33.84907,151.13834
Star Automotive,31.030974,-98.326329,,null,null,,31.030974,-98.326329
AJ Automotive,41.323622,-75.306034,,null,null,,41.323622,-75.306034
Wells Automotive,null,null,,null,null,,null,null
James Frizelle Automotive Group,18.390938,-77.846498,,null,null,,18.390938,-77.846498
AMA Group - Panel Division,null,null,,null,null,,null,null
Global Automotive Accessories,10.273615,-61.460615,,null,null,,10.273615,-61.460615
Lakeside Automotive PTY LTD,30.136823,-81.770831,,null,null,,30.136823,-81.770831
Able Automotive Repairs,-38.022981,144.415607,,null,null,,-38.022981,144.415607
AOK Automotive Repairs,-38.022981,144.415607,,null,null,,-38.022981,144.415607
GUD Automotive,11.747868,79.745218,,null,null,,11.747868,79.745218
Petlum Automotive,43.98613,-92.230336,,null,null,,43.98613,-92.230336
Edge Automotive,40.928132,-74.040201,,null,null,,40.928132,-74.040201
Crawford Automotive,41.668168,-80.106294,,null,null,,41.668168,-80.106294
Smithfield Automotive,41.92204,-71.54951,,null,null,,41.92204,-71.54951
VIP Automotive Solutions,35.851818,-84.241518,,null,null,,35.851818,-84.241518
Park Automotive Pty Ltd,29.59335,-98.47375,,-31.939821,115.8162,,-31.939821,115.8162
Running Gear Automotive,35.914462,-80.250883,,null,null,,35.914462,-80.250883
Henderson Automotive,null,null,,-31.939821,115.8162,,-31.939821,115.8162
TGM Automotive,46.466781,24.416243,,null,null,,46.466781,24.416243
SD Automotive,-39.649173,176.673895,,-27.47126,153.01831,,-27.47126,153.01831
Spoil It - Custom Automotive,45.861875,-77.632185,,-37.803425,145.01105,,-37.803425,145.01105
GDL Automotive Services Pty Ltd,36.177378,43.940556,,-33.84907,151.13834,,-33.84907,151.13834
National Automotive Consulting (NAC),28.66047,77.07733,,-37.803425,145.01105,,-37.803425,145.01105
Western Plains Automotive,null,null,,-32.246384,148.59126,,-32.246384,148.59126
AVR Automotive,45.683015,24.445713,,null,null,,45.683015,24.445713
Powerwin Automotive,9.585551,76.528515,,-27.47126,153.01831,,-27.47126,153.01831
ProFect Automotive,null,null,,null,null,,null,null
KDT Automotive Solutions,null,null,,-27.994457,153.40938,,-27.994457,153.40938
AutoWerks Automotive,47.670003,9.541066,,-33.84907,151.13834,,-33.84907,151.13834
Euroimage Automotive,null,null,,null,null,,null,null
MC Automotive and Production Services,null,null,,-31.939821,115.8162,,-31.939821,115.8162
Procheck Automotive Caloundra,43.98613,-92.230336,,-26.792177,153.09967,,-26.792177,153.09967
Assassin Automotive,null,null,,-31.939821,115.8162,,-31.939821,115.8162
LRP Automotive Pty Ltd,null,null,,null,null,,null,null
JMA Automotive Airport West,38.837912,-104.710489,,-37.803425,145.01105,,-37.803425,145.01105
Downtown Toyota,33.859003,-84.017009,,null,null,,33.859003,-84.017009
M.S. One Stop Automotive,-37.919712,145.052312,,null,null,,-37.919712,145.052312
C.A.M S Automotive,51.474812,5.618947,,null,null,,51.474812,5.618947
T.A.S. Performance Automotive,40.114683,-88.239074,,null,null,,40.114683,-88.239074
SpinCar Australia,null,null,,null,null,,null,null
Tony White Group,-11.653047,27.474108,,null,null,,-11.653047,27.474108
Tony Ireland Townsville,53.320758,-6.334731,,null,null,,53.320758,-6.334731
Forch Australia,-23.992438,134.050443,,null,null,,-23.992438,134.050443
Strike Group Australia Pty Ltd,null,null,,null,null,,null,null
Adrad Pty Ltd,-38.094211,144.368721,,null,null,,-38.094211,144.368721
Theyer Automotive,48.33993,15.67698,,null,null,,48.33993,15.67698
Bundall Automotive,-28.005223,153.411456,,null,null,,-28.005223,153.411456
Beaut Automotive Services,36.177378,43.940556,,null,null,,36.177378,43.940556
Dallmore Automotive,43.98613,-92.230336,,null,null,,43.98613,-92.230336
Gerringong Automotive,-34.743969,150.825753,,null,null,,-34.743969,150.825753
Gerringong Automotive,-34.743969,150.825753,,null,null,,-34.743969,150.825753
Fineline Automotive Services,null,null,,null,null,,null,null
Jonlin Automotive Engineers,-27.528936,153.200549,,null,null,,-27.528936,153.200549
Nudgee Automotive Services,36.177378,43.940556,,null,null,,36.177378,43.940556
Personal Automotive Australia,null,null,,null,null,,null,null
Baytech Automotive,null,null,,null,null,,null,null
Fixit Automotive Repairs,-38.022981,144.415607,,null,null,,-38.022981,144.415607
Warragul Automotive,-38.161766,145.934879,,null,null,,-38.161766,145.934879
Topline Automotive Services,36.177378,43.940556,,null,null,,36.177378,43.940556
Reidy's Automotive,53.281358,-6.474395,,null,null,,53.281358,-6.474395
TRARALGON AUTOMOTIVE,-38.196566,146.533757,,null,null,,-38.196566,146.533757
TSW Automotive,null,null,,null,null,,null,null
XTR Automotive Pty Ltd,-33.779957,151.277308,,null,null,,-33.779957,151.277308
Redhead Automotive Centre,38.800337,-77.324484,,null,null,,38.800337,-77.324484
Incharge Automotive Enhancements,null,null,,null,null,,null,null
SBO Automotive,45.33104,24.8084,,null,null,,45.33104,24.8084
Omega Automotive Centre,38.800337,-77.324484,,null,null,,38.800337,-77.324484
Jimbos Automotive,33.072078,-117.265015,,null,null,,33.072078,-117.265015
XB Automotive,9.13874,-79.39497,,null,null,,9.13874,-79.39497
Kambah Automotive & Exhaust Centre,38.147792,-85.691313,,null,null,,38.147792,-85.691313
Footscray Automotive Automatics,-37.79613,144.897046,,null,null,,-37.79613,144.897046
PBN Automotive,null,null,,null,null,,null,null
Downs Automotive Service,33.326104,-105.612685,,null,null,,33.326104,-105.612685
Kirrawee Automotive,-34.035613,151.073318,,null,null,,-34.035613,151.073318
Smart Automotive,51.297819,-113.990796,,null,null,,51.297819,-113.990796
DENSO Automotive Systems Australia,null,null,,null,null,,null,null
Westfalia Automotive Australia,-29.424732,-51.765497,,null,null,,-29.424732,-51.765497
Talking Automotive,null,null,,null,null,,null,null
MPI Automotive,0.225,32.31361,,null,null,,0.225,32.31361
Institute of Automotive Mechanical Engineers,54.969288,-1.614322,,null,null,,54.969288,-1.614322
Outlaw Automotive,41.407404,-79.709689,,-27.47126,153.01831,,-27.47126,153.01831
Zupps (Automotive Holdings Group QLD),null,null,,null,null,,null,null
Emerald Automotive,47.673455,-122.331537,,-33.84907,151.13834,,-33.84907,151.13834
Vehikool Automotive Air Conditioning,null,null,,-34.897945,138.59166,,-34.897945,138.59166
Berwick Enterprise Automotive,-38.036129,145.348768,,null,null,,-38.036129,145.348768
RA Chapman Automotive,null,null,,null,null,,null,null
Essendon MG (IDOM Automotive Group),-37.7512,144.91246,,null,null,,-37.7512,144.91246
EMoS Smart Electric Vehicles,null,null,,null,null,,null,null
PriceMyCar - Car Buying Made Easy,51.884836,-0.519056,,null,null,,51.884836,-0.519056
Leopard Recruitment,52.565321,-1.822882,,null,null,,52.565321,-1.822882
Highgate Air,38.216416,-85.641208,,null,null,,38.216416,-85.641208
Autotrader Australia,53.473008,-2.246683,,null,null,,53.473008,-2.246683
Turbosmart,null,null,,-33.84907,151.13834,,-33.84907,151.13834
Lumen Australia Pty Ltd,-34.313338,115.158891,,null,null,,-34.313338,115.158891
Premier Automotive,33.090895,-97.075377,,null,null,,33.090895,-97.075377
999 Automotive,11.252715,75.826599,,null,null,,11.252715,75.826599
Federal Chamber of Automotive Industries,-15.77526,-47.797292,,null,null,,-15.77526,-47.797292
Dealer Solutions,37.542645,-77.445191,,null,null,,37.542645,-77.445191
Douglas Automotive,54.15,-4.48333,,null,null,,54.15,-4.48333
North Coast Mobile Automotive,30.752153,-88.087672,,null,null,,30.752153,-88.087672
N.G. Motek Automotive,14.619896,121.00984,,-33.84907,151.13834,,-33.84907,151.13834
Alto Group,-4.171362,-44.962807,,null,null,,-4.171362,-44.962807
The Lane Group - WA Automotive & Peel Motors,40.584733,-105.049757,,null,null,,40.584733,-105.049757
Bosch Service - Louca Automotive,10.464414,-66.574232,,-34.897945,138.59166,,-34.897945,138.59166
Davies Automotive,37.677042,-87.091691,,-37.803425,145.01105,,-37.803425,145.01105
Torque Automotive Services,36.177378,43.940556,,-33.84907,151.13834,,-33.84907,151.13834
Will Ferris Automotive Repairs,41.339923,-87.727602,,null,null,,41.339923,-87.727602
GT Automotive Service,36.177378,43.940556,,-33.84907,151.13834,,-33.84907,151.13834
Hamilton Automotive Group,null,null,,-34.897945,138.59166,,-34.897945,138.59166
4tune Automotive,38.732685,-9.152305,,-27.994457,153.40938,,-27.994457,153.40938
Deleon Automotive,null,null,,null,null,,null,null
PROCHOICE AUTOMOTIVE,null,null,,-37.803425,145.01105,,-37.803425,145.01105
Birdy Automotive,50.837326,4.35777,,-37.803425,145.01105,,-37.803425,145.01105
Cardiff Automotive,51.501018,-3.192626,,null,null,,51.501018,-3.192626
Seamus Hill Automotive,47.963877,16.782773,,null,null,,47.963877,16.782773
Jim Beylin Automotive Engineering,null,null,,null,null,,null,null
Wing Tai Automotive Service,null,null,,null,null,,null,null
D&M Automotive Service Centre,38.556548,-91.013642,,null,null,,38.556548,-91.013642
JD Custom Automotive,-22.917968,-43.376253,,null,null,,-22.917968,-43.376253
Karl Knudsen Automotive,null,null,,null,null,,null,null
Top One Automotive,52.226636,21.142435,,null,null,,52.226636,21.142435
Motor Trade Association of SA/NT,50.751442,12.618158,,null,null,,50.751442,12.618158
Brian Foley Automotive,45.59134,12.81327,,null,null,,45.59134,12.81327
Doe Prestige Automotive,46.602936,-112.021759,,null,null,,46.602936,-112.021759
Supashock,null,null,,null,null,,null,null
PM Group,40.511471,17.152342,,null,null,,40.511471,17.152342
Walkinshaw Group,54.611124,-3.519659,,null,null,,54.611124,-3.519659
Heartland Motors,-33.8207,151.003623,,null,null,,-33.8207,151.003623
AutoCRC,42.047521,-8.595524,,-37.803425,145.01105,,-37.803425,145.01105
John Hughes Group,-35.331048,149.088376,,null,null,,-35.331048,149.088376
NGP Group Melbourne,null,null,,-38.261295,145.18959,,-38.261295,145.18959
ANCAP SAFETY,-34.865444,-56.166627,,null,null,,-34.865444,-56.166627
CMV Group,-34.93183,138.589353,,null,null,,-34.93183,138.589353
Suttons,18.07396,-77.23764,,null,null,,18.07396,-77.23764
McKinley Automotive Services,36.177378,43.940556,,null,null,,36.177378,43.940556
Payneham Automotive,-34.898384,138.642367,,null,null,,-34.898384,138.642367
HTR Automotive,24.059904,123.805143,,null,null,,24.059904,123.805143
Al's Automotive Services Pty Ltd,36.177378,43.940556,,null,null,,36.177378,43.940556
Autocare Automotive,43.042406,-76.100278,,null,null,,43.042406,-76.100278
Corry Automotive,41.92033,-79.64033,,null,null,,41.92033,-79.64033
Potter Automotive,null,null,,null,null,,null,null
Betta Automotive,33.818824,-85.765662,,null,null,,33.818824,-85.765662
Selby Automotive,41.364162,-89.335287,,null,null,,41.364162,-89.335287
Krooz Automotive,null,null,,null,null,,null,null
Macquarie Brake & Automotive Services,null,null,,null,null,,null,null
Barry Gardner Automotive,51.39979,-3.2838,,null,null,,51.39979,-3.2838
Milton Hawker Automotive,null,null,,null,null,,null,null
Ron Nicoll Automotive Services,null,null,,null,null,,null,null
Graeme Joseph Automotive,55.981193,-3.574738,,null,null,,55.981193,-3.574738
Col Harrison Automotive,51.474678,5.622127,,null,null,,51.474678,5.622127
Advanced Tech Automotive,-27.96635,153.404518,,null,null,,-27.96635,153.404518
Rusden Europro Automotive,null,null,,null,null,,null,null
Surrey Hills Automotive,-37.828253,145.09513,,null,null,,-37.828253,145.09513
SOS Mobile Automotive,12.0402,42.773895,,null,null,,12.0402,42.773895
John Edwards Automotive,17.108788,-61.824679,,null,null,,17.108788,-61.824679
1 Stop Automotive,null,null,,null,null,,null,null
Manning Valley Automotive,null,null,,null,null,,null,null
R&A Automotive,40.682577,-73.986523,,null,null,,40.682577,-73.986523
FMP Group (Australia) Pty Ltd,-36.706151,142.208431,,null,null,,-36.706151,142.208431
PT Precision Automotive,null,null,,null,null,,null,null
Just Cars Automotive and Repairs,42.157201,-71.392634,,null,null,,42.157201,-71.392634
Sydney City Toyota,-33.868633,151.209421,,null,null,,-33.868633,151.209421
P & R Automotive,44.295284,-105.515321,,null,null,,44.295284,-105.515321
Mal Wood Automotive,-9.753392,-35.846242,,null,null,,-9.753392,-35.846242
Automotive Moulding Repairs & Polishing,38.989107,-76.314419,,null,null,,38.989107,-76.314419
Automotive Diagnostics & Repairs,13.43745,77.719544,,null,null,,13.43745,77.719544
Automotive Audio Visual,null,null,,null,null,,null,null
The Automotive Group Pty Ltd,null,null,,null,null,,null,null
AUTOMOTIVE HEATER LTD,51.531702,-0.209995,,null,null,,51.531702,-0.209995
Automotive Central,43.894883,-78.862142,,null,null,,43.894883,-78.862142
Automotive Solution Plus,35.851818,-84.241518,,null,null,,35.851818,-84.241518
THE Automotive Workshop,-38.1655,176.243606,,null,null,,-38.1655,176.243606
Automotive Panel Service,null,null,,null,null,,null,null
Automotive Sunroof and Trimming Services,null,null,,null,null,,null,null
Excellbuff Automotive Polishing Co.,null,null,,null,null,,null,null
Maztech Automotive,43.98613,-92.230336,,null,null,,43.98613,-92.230336
Superior Automotive Services,36.177378,43.940556,,null,null,,36.177378,43.940556
Stillwell Motor Group,34.044808,-118.258539,,null,null,,34.044808,-118.258539
ASR Automotive,40.584289,-105.050618,,null,null,,40.584289,-105.050618
Automate Automotive Australia pty ltd,-30.914137,135.318712,,-37.803425,145.01105,,-37.803425,145.01105
Equipe Automotive 4x4,null,null,,null,null,,null,null
Wilkinson Automotive,31.177904,-91.287551,,null,null,,31.177904,-91.287551
Palazzo Automotive,45.458573,7.977929,,null,null,,45.458573,7.977929
Euroserve Automotive Pty Ltd,-33.779957,151.277308,,null,null,,-33.779957,151.277308
BELCONNEN EXHAUST AND AUTOMOTIVE,-26.631847,152.953431,,null,null,,-26.631847,152.953431
Terry Ryan Automotive Services,null,null,,null,null,,null,null
Five Star Automotive Services,30.431293,-87.287839,,null,null,,30.431293,-87.287839
Eastern Prestige Automotive Service,null,null,,null,null,,null,null
Graeme Cooper Automotive,55.981193,-3.574738,,null,null,,55.981193,-3.574738
Les Anderson Automotive,18.2,-73.75,,null,null,,18.2,-73.75
Paul K's Automotive,15.359526,-61.369031,,null,null,,15.359526,-61.369031
J-Jet Automotive,null,null,,null,null,,null,null
Archerfield Precise Automotive,-27.569475,153.005162,,null,null,,-27.569475,153.005162
Geelong West Automotive,null,null,,null,null,,null,null
ALLSTAR AUTOMOTIVE,65.583474,22.143998,,null,null,,65.583474,22.143998
Society of Speed | Supercar Automotive News,45.49868,-122.616717,,-33.84907,151.13834,,-33.84907,151.13834
Adelaide City Automotive Group,-34.929075,138.602578,,null,null,,-34.929075,138.602578
Webasto Group,49.465541,11.126494,,null,null,,49.465541,11.126494
AVL,35.423988,-82.534662,,null,null,,35.423988,-82.534662
VICTORY MOBILE AUTOMOTIVE,39.126061,-94.769769,,null,null,,39.126061,-94.769769
Ken Muston Automotive,35.18017,136.90656,,-36.368217,145.40341,,-36.368217,145.40341
Werribee Automotive Group,-37.89479,144.661343,,null,null,,-37.89479,144.661343
Australian Automotive Distribution Pty Ltd,null,null,,null,null,,null,null
Bon Vivant Automotive Care,7.217342,100.149,,null,null,,7.217342,100.149
Euro Automotive Botany,null,null,,null,null,,null,null
Austune Automotive,43.98613,-92.230336,,null,null,,43.98613,-92.230336
Basin Automotive,null,null,,null,null,,null,null
Tallangatta Automotive Repairs,-36.215144,147.176461,,null,null,,-36.215144,147.176461
Highpoint Automotive,27.910907,-82.712036,,null,null,,27.910907,-82.712036
Silverwater Automotive Services,-33.838183,151.043842,,null,null,,-33.838183,151.043842
Bickley Automotive,-32.001549,116.098217,,null,null,,-32.001549,116.098217
Beekman Automotive,41.604646,-73.69606,,null,null,,41.604646,-73.69606
Hyper Automotive,11.028562,124.60431,,null,null,,11.028562,124.60431
Tedious Automotive,45.163378,-78.574272,,null,null,,45.163378,-78.574272
Extreme 4x4 Automotive,49.044901,-122.348573,,null,null,,49.044901,-122.348573
Stewart Follows Automotive,null,null,,-33.84907,151.13834,,-33.84907,151.13834
M.R. Automotive,null,null,,null,null,,null,null
S & J Automotive Repairs,43.109872,-88.4992,,null,null,,43.109872,-88.4992
Yass Valley Automotive and Offroad,32.978702,-96.849148,,null,null,,32.978702,-96.849148
Robin Baldwin Automotive,33.574928,-79.006285,,null,null,,33.574928,-79.006285
Le Mans Automotive. Homepage.,null,null,,null,null,,null,null
HILLS DISTRICT AUTOMOTIVE,25.361382,91.793104,,null,null,,25.361382,91.793104
Hallam Road Automotive,-38.00418,145.27434,,null,null,,-38.00418,145.27434
Long Range Automotive,-40.12825,176.76021,,null,null,,-40.12825,176.76021
Geoff Conley Automotive,54.597226,-5.92807,,null,null,,54.597226,-5.92807
Batemans Bay Automotive Repairs,null,null,,null,null,,null,null
Brisco Butler Automotive Services,null,null,,null,null,,null,null
Welcome To Albion Automotive Repairs,4.446812,-75.207835,,null,null,,4.446812,-75.207835
Centreline Tyre & Automotive,32.960955,-96.683433,,null,null,,32.960955,-96.683433
Smooth Drive Automotive,30.737252,-86.564211,,null,null,,30.737252,-86.564211
North Sydney Automotive,-33.836767,151.2077,,null,null,,-33.836767,151.2077
R.B. Automotive Technicians Pty Ltd,null,null,,null,null,,null,null
Paul Hopley Automotive & Lpg Centre,68.230936,14.53646,,null,null,,68.230936,14.53646
Discount Tyres And Automotive,-33.964729,118.488316,,null,null,,-33.964729,118.488316
Yandina Automotive Repairs,-26.559319,152.95191,,null,null,,-26.559319,152.95191
Wallard Automotive PTY Ltd.,-33.779957,151.277308,,null,null,,-33.779957,151.277308
Star Automotive Repairs Pty Ltd,31.030974,-98.326329,,null,null,,31.030974,-98.326329
Elite Automotive Repairs Pty Ltd,null,null,,null,null,,null,null
Brees Automotive,null,null,,null,null,,null,null
Mazpro Automotive,43.98613,-92.230336,,null,null,,43.98613,-92.230336
STZ Automotive,-10.464722,-50.518612,,null,null,,-10.464722,-50.518612
WBD Automotive,-15.207425,48.482457,,null,null,,-15.207425,48.482457
Koutalis Automotive Services,36.177378,43.940556,,null,null,,36.177378,43.940556
Neill Automotive,44.562466,-90.58807,,null,null,,44.562466,-90.58807
Frizelle Sunshine Automotive,31.5649,-94.11547,,null,null,,31.5649,-94.11547
Peter Warren Automotive,16.776738,-62.196701,,null,null,,16.776738,-62.196701
Precision Automotive Equipment,45.303948,-122.950059,,null,null,,45.303948,-122.950059
Women in Automotive,53.220569,-4.20134,,null,null,,53.220569,-4.20134
Automotive Fleet Services,44.911836,-76.02115,,null,null,,44.911836,-76.02115
Solitaire Automotive Group,null,null,,null,null,,null,null
Jefferson Automotive Group,38.571057,-92.241927,,null,null,,38.571057,-92.241927
Automotive Professionals,11.028562,124.60431,,null,null,,11.028562,124.60431
Automotive Personnel,46.344634,6.434209,,null,null,,46.344634,6.434209
Automotive Safety Engineering,55.789839,49.156254,,null,null,,55.789839,49.156254
Australian Automotive Air (DENSO Group Company),null,null,,-37.803425,145.01105,,-37.803425,145.01105
Automotive Technical Training Australia,23.81105,90.12226,,-25.574999,134.3547,,-25.574999,134.3547
Australian Automotive Sales,-38.35055,144.090856,,-37.803425,145.01105,,-37.803425,145.01105
Mercedes-Benz Careers International,-34.65146,-59.43068,,null,null,,-34.65146,-59.43068
Mercedes-Benz Australia,-34.65146,-59.43068,,null,null,,-34.65146,-59.43068
Northstar Automotive Group,32.807809,-97.204778,,null,null,,32.807809,-97.204778
Red Plum Automotive Brokering Services,null,null,,null,null,,null,null
Melbourne Automotive Tools & Equipment,53.546944,-113.641001,,-37.803425,145.01105,,-37.803425,145.01105
MUIRS AUTOMOTIVE PTY LIMITED,null,null,,-33.84907,151.13834,,-33.84907,151.13834
MotorEx - Australian Automotive Exhibition,null,null,,null,null,,null,null
Prestige Automotive Care,46.602936,-112.021759,,-27.47126,153.01831,,-27.47126,153.01831
Stag Automotive,45.259812,-75.571701,,-33.84907,151.13834,,-33.84907,151.13834
MACKAY Automotive Products,null,null,,-37.803425,145.01105,,-37.803425,145.01105
Terry's Automotive Services,null,null,,null,null,,null,null
Always There Automotive,41.287532,13.982039,,-38.231834,144.31837,,-38.231834,144.31837
Presto Automotive Mobile Mechanic,null,null,,-27.994457,153.40938,,-27.994457,153.40938
Braeside Automotive,42.544866,-73.605434,,null,null,,42.544866,-73.605434
Blue Sky Automotive,45.588014,-122.75225,,null,null,,45.588014,-122.75225
Sivewright Automotive,-52.58499,-73.70846,,null,null,,-52.58499,-73.70846
CSI AUTOMOTIVE,-37.745403,144.965316,,null,null,,-37.745403,144.965316
Greg Ormerod Automotive,40.472323,-80.028033,,null,null,,40.472323,-80.028033
Brian Turner's Automotive Service Centre,40.229863,-75.519641,,null,null,,40.229863,-75.519641
Sydney Mobile Automotive Services,61.599822,-149.504909,,null,null,,61.599822,-149.504909
Maag & Stucki Automotive,47.462532,9.045775,,null,null,,47.462532,9.045775
Better Torque Automotive,35.474271,-97.543094,,null,null,,35.474271,-97.543094
One Call Automotive Mobile Car Mechanic,51.474678,5.622127,,null,null,,51.474678,5.622127
Star & Circle Automotive,null,null,,-31.939821,115.8162,,-31.939821,115.8162
Ron Spink Automotive,8.152611,99.894086,,null,null,,8.152611,99.894086
Diamond Stance Automotive,33.994268,-117.812803,,null,null,,33.994268,-117.812803
Red Plum Automotive Brokering Service,null,null,,null,null,,null,null
Carbar,31.714356,35.19956,,null,null,,31.714356,35.19956
Isuzu UTE Australia,-27.211354,153.045135,,null,null,,-27.211354,153.045135
Ferrari Sydney and Ferrari North Shore,-37.727773,144.963659,,null,null,,-37.727773,144.963659
AMA Group Ltd,null,null,,null,null,,null,null
CarsGuide,null,null,,null,null,,null,null
CENTRAL COAST AUTOMOTIVE PTY LIMITED,15.30714,120.79762,,null,null,,15.30714,120.79762
Kmart Tyre & Auto Service,41.265287,-96.099883,,null,null,,41.265287,-96.099883
WESTERN REGION AUTOMOTIVE PTY LIMITED,11.13,122.53,,null,null,,11.13,122.53
Club Assist - Asia Pacific,null,null,,null,null,,null,null
MotorOne Group,-25.511225,-54.609282,,null,null,,-25.511225,-54.609282
Curtis Coast Automotive,null,null,,null,null,,null,null
Volkswagen Group Australia,52.590337,-1.627768,,null,null,,52.590337,-1.627768
Hahn Automotive,48.386096,9.993436,,null,null,,48.386096,9.993436
Holden,null,null,,null,null,,null,null
Intrepid Control Systems,18.443938,73.821705,,null,null,,18.443938,73.821705
Fiat Chrysler Automobiles (FCA) Australia,33.569838,-7.625892,,null,null,,33.569838,-7.625892
Manheim Australia,-23.992438,134.050443,,null,null,,-23.992438,134.050443
Renault Australia,47.289581,9.654726,,null,null,,47.289581,9.654726
Mitsubishi Motors Australia,null,null,,null,null,,null,null
Toyota Motor Corporation Australia,35.080967,137.158608,,null,null,,35.080967,137.158608
Barts Automotive,27.37254,91.598755,,null,null,,27.37254,91.598755
MJS Automotive,59.400492,18.034639,,null,null,,59.400492,18.034639
InStyle Automotive,48.191446,11.548666,,null,null,,48.191446,11.548666
Specialised Automotive Solutions,36.206621,-85.442516,,null,null,,36.206621,-85.442516
General's Automotive Repairs,-38.022981,144.415607,,null,null,,-38.022981,144.415607
AAA Automotive Pty Ltd,-33.779957,151.277308,,null,null,,-33.779957,151.277308
BLAKEHURST AUTOMOTIVE,null,null,,null,null,,null,null
SBL AUTOMOTIVE,-14.072768,-66.787582,,null,null,,-14.072768,-66.787582
Huntingdale Automotive Repairs,-32.083154,115.965591,,null,null,,-32.083154,115.965591
Faranda Automotive Service,36.177378,43.940556,,null,null,,36.177378,43.940556
Jax Automotive Detailing,30.369914,-81.660992,,null,null,,30.369914,-81.660992
CASSELS Automotive,50.705341,7.099711,,null,null,,50.705341,7.099711
Ace Automotive Mechanical,40.874802,-73.619848,,null,null,,40.874802,-73.619848
Apex Automotive Services,48.214364,-114.276103,,null,null,,48.214364,-114.276103
Mototech Automotive,48.855564,16.050343,,null,null,,48.855564,16.050343
Birrong Automotive,-33.89292,151.020613,,null,null,,-33.89292,151.020613
BILLTECH AUTOMOTIVE,43.98613,-92.230336,,null,null,,43.98613,-92.230336
Skaza's Automotive,70.55565,25.84025,,null,null,,70.55565,25.84025
Commercial Automotive Services,null,null,,null,null,,null,null
Currimundi Automotive Service,null,null,,null,null,,null,null
JATO Dynamics Asia-Pacific,51.576859,-0.342564,,null,null,,51.576859,-0.342564
Aitezaz Khan Automotive,null,null,,null,null,,null,null
Axalta ANZ – Australia & New Zealand,49.239745,-123.130356,,null,null,,49.239745,-123.130356
Jowett Motor Group,34.103085,-118.092675,,null,null,,34.103085,-118.092675
Motor Dealer Xchange,14.556337,121.137197,,null,null,,14.556337,121.137197
Fulcrum Suspensions Group,null,null,,null,null,,null,null
CMS Strategic Automotive Advisors,null,null,,-34.897945,138.59166,,-34.897945,138.59166
AutoGuru,null,null,,null,null,,null,null
P&M Automotive Equipment,null,null,,null,null,,null,null
Autopact,null,null,,null,null,,null,null
Autopact,null,null,,null,null,,null,null
Platinum Automotive Detailing,-25.514686,27.128727,,null,null,,-25.514686,27.128727
Bass Automotive Control,47.271536,-93.609483,,null,null,,47.271536,-93.609483
Hawkesbury Automotive Services,36.177378,43.940556,,null,null,,36.177378,43.940556
BMV Automotive Services,36.177378,43.940556,,null,null,,36.177378,43.940556
ATV Automotive,58.2,16,,null,null,,58.2,16
Westend Automotive Centre,38.800337,-77.324484,,null,null,,38.800337,-77.324484
Motown Automotive Repairs,42.68108,-84.511266,,null,null,,42.68108,-84.511266
PMS AUTOMOTIVE,34.558926,38.311544,,null,null,,34.558926,38.311544
Assured Automotive Australia,-31.945075,115.919931,,null,null,,-31.945075,115.919931
Australian Automotive Distribution,37.207667,-93.248678,,null,null,,37.207667,-93.248678
Integral Automotive,16.27448,-94.46017,,null,null,,16.27448,-94.46017
Business Automotive Solutions Pty Ltd,-35.076073,138.523991,,null,null,,-35.076073,138.523991
ABS Automotive Service Centres,-37.804411,144.992617,,-37.803425,145.01105,,-37.803425,145.01105
Airport Toyota (IDOM Automotive Group),-37.717075,144.893794,,null,null,,-37.717075,144.893794
GSD Automotive,49.053297,8.842286,,-37.803425,145.01105,,-37.803425,145.01105
Delta Automotive Industries,5.448632,5.771322,,-27.47126,153.01831,,-27.47126,153.01831
SGF Automotive,37.19736,-93.281942,,null,null,,37.19736,-93.281942
Eurokars Automotive Holdings Pty Ltd Trading As Bayswater Mazda,null,null,,-31.939821,115.8162,,-31.939821,115.8162
Burton Automotive Group,52.80728,-1.64263,,null,null,,52.80728,-1.64263
Balmain Automotive,-33.859213,151.181732,,null,null,,-33.859213,151.181732
Spirts'n'Squirts Automotive Detailing,39.567061,-76.356672,,null,null,,39.567061,-76.356672
Envy Automotive,46.68744,6.46158,,null,null,,46.68744,6.46158
AJR Automotive,17.50363,43.28216,,null,null,,17.50363,43.28216
Formula Automotive,null,null,,null,null,,null,null
Collingwood Automotive Repairs,44.587985,-80.238686,,null,null,,44.587985,-80.238686
Intune Automotive Centre,38.800337,-77.324484,,-35.980083,145.7452,,-35.980083,145.7452
Vast Automotive,43.722033,-79.664942,,null,null,,43.722033,-79.664942
The Luxury Automotive Group,null,null,,-33.84907,151.13834,,-33.84907,151.13834
Amato Automotive,38.37355,15.96097,,null,null,,38.37355,15.96097
Manningham Automotive Mechanical,-37.770744,145.177422,,null,null,,-37.770744,145.177422
TLC Automotive Parts,42.80288,-86.079762,,null,null,,42.80288,-86.079762
Crete Automotive Engineering,41.458557,-87.610558,,null,null,,41.458557,-87.610558
Governor Automotive,-38.008637,145.098015,,null,null,,-38.008637,145.098015
Dane Automotive Team,43.250582,-89.499545,,null,null,,43.250582,-89.499545
Otway Automotive,-38.49306,143.601837,,null,null,,-38.49306,143.601837
Matwil Automotive Repairs,-38.022981,144.415607,,null,null,,-38.022981,144.415607
Bickers Automotive,53.51358,-2.56937,,null,null,,53.51358,-2.56937
Cardinia Automotive Repair Services,49.04513,-122.348568,,null,null,,49.04513,-122.348568
Exmouth Automotive & Boating Services,null,null,,null,null,,null,null
Moderncar (Tyres and Automotive),null,null,,-38.122845,144.35031,,-38.122845,144.35031
Stewart Byrnes Automotive Pty Ltd,36.48131,-87.838459,,null,null,,36.48131,-87.838459
Rod Howes Automotive,51.107691,9.12249,,-27.47126,153.01831,,-27.47126,153.01831
Steve Toms Automotive Services,null,null,,null,null,,null,null
Welcome To Westernlink Automotive,null,null,,null,null,,null,null
A1 Advanced Automotive,50.726087,-1.15195,,null,null,,50.726087,-1.15195
Auto-Carbs Automotive,52.336845,14.069062,,null,null,,52.336845,14.069062
Adam Gorrell Automotive &,22.3756,57.52334,,null,null,,22.3756,57.52334
Oakes Road Automotive,36.989859,-122.062855,,null,null,,36.989859,-122.062855
Sapphire Marine Automotive,-23.461141,147.717114,,null,null,,-23.461141,147.717114
Doulman Automotive Services,36.177378,43.940556,,null,null,,36.177378,43.940556
Protune Automotive Services,36.177378,43.940556,,null,null,,36.177378,43.940556
Edgecliff Automotive,32.661345,-97.345734,,null,null,,32.661345,-97.345734
Joyce Automotive Engineers,38.837055,-77.324464,,null,null,,38.837055,-77.324464
SBR Automotive,45.304408,-93.556723,,null,null,,45.304408,-93.556723
TMW Automotive,46.958995,7.455519,,null,null,,46.958995,7.455519
Alderley Automotive,-27.425514,153.00258,,null,null,,-27.425514,153.00258
Medicar Automotive Solutions,35.851818,-84.241518,,null,null,,35.851818,-84.241518
Reflex Automotive Engineering,3.114611,101.638774,,null,null,,3.114611,101.638774
Procheck Automotive,null,null,,null,null,,null,null
Tassell Automotive,42.662667,-104.087459,,null,null,,42.662667,-104.087459
Revamp Automotive,-22.593989,17.076972,,null,null,,-22.593989,17.076972
Ravenhall Automotive Services,36.177378,43.940556,,null,null,,36.177378,43.940556
Kel's Automotive Repairs,-38.022981,144.415607,,null,null,,-38.022981,144.415607
Scase Automotive,51.068929,-114.004832,,null,null,,51.068929,-114.004832
Kotara Automotive,-32.944882,151.69807,,null,null,,-32.944882,151.69807
SILVERTHORNE AUTOMOTIVE,39.657615,-106.0896,,null,null,,39.657615,-106.0896
Voldat Automotive,43.98613,-92.230336,,null,null,,43.98613,-92.230336
Uphill Automotive,-0.518874,30.117875,,null,null,,-0.518874,30.117875
Lockyer Automotive,-27.62106,152.234962,,null,null,,-27.62106,152.234962
Brian Swain Automotive Kippa-Ring,null,null,,null,null,,null,null
Extrem Exhaust and Automotive,-26.631847,152.953431,,null,null,,-26.631847,152.953431
C.P Automotive,51.064711,-113.983071,,null,null,,51.064711,-113.983071
Motson S Automotive Service,36.177378,43.940556,,null,null,,36.177378,43.940556
Tunemaster Mobile Automotive Services,61.599822,-149.504909,,null,null,,61.599822,-149.504909
Jervis Bay Automotive,-35.13333,150.7,,null,null,,-35.13333,150.7
East Lismore Automotive,null,null,,null,null,,null,null
Hartrick European Automotive,42.915885,-71.364238,,null,null,,42.915885,-71.364238
GLENN SNELSON AUTOMOTIVE,39.591607,-122.392228,,null,null,,39.591607,-122.392228
Mike Eddes Automotive,null,null,,null,null,,null,null
Speedmaster ™,48.039763,14.005045,,null,null,,48.039763,14.005045
Toyo Tyre & Rubber Australia,37.378862,-121.949236,,null,null,,37.378862,-121.949236
Lexus Of Berwick,34.13184,-118.255467,,null,null,,34.13184,-118.255467
Bolwell Corporation,-38.011205,145.102952,,null,null,,-38.011205,145.102952
MFI Service Bodies Warning Systems,null,null,,null,null,,null,null
Lumen Freedom,46.740837,11.955919,,null,null,,46.740837,11.955919
Berwick Motor Group,null,null,,null,null,,null,null
Patterson Cheney Cars and Trucks Pty Ltd,null,null,,null,null,,null,null
Digicall Assist,43.340138,-8.403227,,null,null,,43.340138,-8.403227
M.A.C Automotive,33.832609,-118.100174,,null,null,,33.832609,-118.100174
Automotive Security Research Group (ASRG),55.789839,49.156254,,null,null,,55.789839,49.156254
The Automotive Group,32.807809,-97.204778,,null,null,,32.807809,-97.204778
Automotive Holdings Group (AHG),null,null,,null,null,,null,null
Automotive Superstore Pty Ltd,-33.779957,151.277308,,-33.84907,151.13834,,-33.84907,151.13834
Automotive Talent,55.789839,49.156254,,null,null,,55.789839,49.156254
Automotive Performance Solutions / Roaring Forties,null,null,,-37.803425,145.01105,,-37.803425,145.01105
Automotive Market Research,21.435586,39.811558,,null,null,,21.435586,39.811558
Automotive Historians Australia,40.338506,-75.472078,,-37.803425,145.01105,,-37.803425,145.01105
Automotive Dealer Magazine,null,null,,null,null,,null,null
Automotive Brands P/L,51.474678,5.622127,,null,null,,51.474678,5.622127
MG Motor Australia,16.777418,96.145362,,null,null,,16.777418,96.145362
Essendon Isuzu UTE (IDOM Automotive Group),-37.7512,144.91246,,null,null,,-37.7512,144.91246
Toyota Boshoku Australia,35.080967,137.158608,,null,null,,35.080967,137.158608
Adelaide BMW,-34.929075,138.602578,,null,null,,-34.929075,138.602578
Auto League,39.893361,-75.165508,,null,null,,39.893361,-75.165508
Westaflex,51.880382,8.452352,,null,null,,51.880382,8.452352
Motor Traders'​ Association of NSW,-31.755451,115.769308,,null,null,,-31.755451,115.769308
HELLA Australia,-23.992438,134.050443,,null,null,,-23.992438,134.050443
Dutton Group,33.240304,-87.570137,,null,null,,33.240304,-87.570137
Nulon Products Australia Pty Ltd,28.7218,86.6168,,null,null,,28.7218,86.6168
Howe & Co,null,null,,null,null,,null,null
HFH Auto Group,null,null,,null,null,,null,null
Class One Finance & Automotive,null,null,,null,null,,null,null
Andrew De Wit Automotive,null,null,,null,null,,null,null
T.N.K Automotive Services,36.177378,43.940556,,null,null,,36.177378,43.940556
B.D.C Automotive,null,null,,null,null,,null,null
Shire One Stop Automotive,null,null,,null,null,,null,null
North Shore Mobile Automotive Repairs,null,null,,null,null,,null,null
D.J.S Automotive,35.907504,-79.657235,,null,null,,35.907504,-79.657235
S.J.F. Automotive,49.272184,4.072814,,null,null,,49.272184,4.072814
Leonhardt Automotive Mechanical,10.640576,-61.301171,,null,null,,10.640576,-61.301171
Hardwire Automotive Installations,null,null,,null,null,,null,null
Rigoli Automotive,43.789669,10.419693,,null,null,,43.789669,10.419693
AVW Automotive,51.937297,7.651483,,null,null,,51.937297,7.651483
Racecourse Automotive Services,null,null,,null,null,,null,null
Curtis Automotive and Engineering,33.999136,-85.986373,,null,null,,33.999136,-85.986373
Euroclass Automotive Repairs,-38.022981,144.415607,,null,null,,-38.022981,144.415607
Everlast Automotive Spares,-37.769825,144.98114,,null,null,,-37.769825,144.98114
Flash Automotive Repairs,null,null,,null,null,,null,null
Melbern Automotive,41.467,-84.65134,,null,null,,41.467,-84.65134
MBC Automotive,-1.912621,11.896278,,null,null,,-1.912621,11.896278
Addison Automotive,41.920987,-87.993389,,null,null,,41.920987,-87.993389
ATS Automotive Services,42.157201,-71.392634,,null,null,,42.157201,-71.392634
Cracka Automotive Transport,-33.850663,150.914516,,-25.574999,134.3547,,-25.574999,134.3547
PENRITH AUTOMOTIVE PTY LTD,-33.746679,150.699109,,null,null,,-33.746679,150.699109
Bodytech Automotive,4.597833,-74.108676,,-33.84907,151.13834,,-33.84907,151.13834
ARP Automotive,32.226665,-95.058836,,null,null,,32.226665,-95.058836
DNA Automotive Repairs,null,null,,null,null,,null,null
Steinborner Automotive,50.08333,6.63333,,null,null,,50.08333,6.63333
Go2 Automotive,39.920166,-75.32623,,null,null,,39.920166,-75.32623
Autoscreens Automotive Glass,36.199201,-81.092318,,null,null,,36.199201,-81.092318
Ingrams Automotive,45.181495,-67.043293,,null,null,,45.181495,-67.043293
Northlands Automotive,-31.862039,115.823725,,null,null,,-31.862039,115.823725
Malvern Automotive Repairs,null,null,,null,null,,null,null
Ecotune Automotive Services,null,null,,null,null,,null,null
Direct Automotive Repairs,-38.022981,144.415607,,null,null,,-38.022981,144.415607
Penrose Automotive,38.868955,-77.082878,,null,null,,38.868955,-77.082878
Futuris Automotive Interiors Holdings Pty Ltd.,null,null,,null,null,,null,null
Cannon Automotive Services,36.177378,43.940556,,null,null,,36.177378,43.940556
Platinum Automotive Solutions,-25.514686,27.128727,,null,null,,-25.514686,27.128727
TD Automotive Services,17.295652,-62.709085,,null,null,,17.295652,-62.709085
Eastbound Automotive Services,36.177378,43.940556,,null,null,,36.177378,43.940556
Jamison Automotive Services,36.177378,43.940556,,null,null,,36.177378,43.940556
Rage Automotive,48.24045,15.63595,,null,null,,48.24045,15.63595
Campsie Automotive Glass,null,null,,null,null,,null,null
Rockhampton Automotive Specialist,-23.10266,150.252476,,null,null,,-23.10266,150.252476
Mandurah Automotive DIY,-32.52837,115.736444,,null,null,,-32.52837,115.736444
Equipe Automotive,51.916278,-8.472231,,null,null,,51.916278,-8.472231
Drever Automotive Services,null,null,,null,null,,null,null
JKJ Automotive Centre,38.800337,-77.324484,,null,null,,38.800337,-77.324484
Hawthorn Automotive Improvements,null,null,,null,null,,null,null
Kariong Automotive,-33.442496,151.294544,,null,null,,-33.442496,151.294544
Coltech Automotive,9.9773,-84.137857,,null,null,,9.9773,-84.137857
Balgowlah Automotive,-33.794767,151.260717,,null,null,,-33.794767,151.260717
Quadrant Automotive Suspensions,null,null,,null,null,,null,null
Australian Automotive Electrical Wholesale Pty. Ltd.,null,null,,null,null,,null,null
A G A Automotive Services,55.352046,25.291923,,null,null,,55.352046,25.291923
Sultans Automotive Repairs,-38.022981,144.415607,,null,null,,-38.022981,144.415607
Futuris Automotive Group Limited,null,null,,null,null,,null,null
Styling Automotive,53.208602,50.170336,,-27.47126,153.01831,,-27.47126,153.01831
Advanced Automotive Services,42.246975,-83.586273,,null,null,,42.246975,-83.586273
Hartech Automotive Services,-38.008717,145.102551,,null,null,,-38.008717,145.102551
The Workshop Automotive Repair Centre,14.247127,121.374486,,null,null,,14.247127,121.374486
Aussie Automotive,null,null,,null,null,,null,null
Werribee Automotive,-37.89479,144.661343,,null,null,,-37.89479,144.661343
Fueltech Automotive,43.98613,-92.230336,,null,null,,43.98613,-92.230336
Alden Automotive,null,null,,null,null,,null,null
Crossmember Automotive Repairs,-38.022981,144.415607,,null,null,,-38.022981,144.415607
RYCO Group Pty Ltd,-37.831937,144.992414,,null,null,,-37.831937,144.992414
BTP Automotive,40.776454,-79.949502,,null,null,,40.776454,-79.949502
Lee's Automotive,32.399355,-87.016329,,null,null,,32.399355,-87.016329
Total Selling & Staff Solutions,-3.684408,33.417364,,null,null,,-3.684408,33.417364
Blackburn Automotive Repairs,null,null,,null,null,,null,null
Ace Automotive Repairs,null,null,,null,null,,null,null
Synergy Automotive,53.9789,-1.523459,,null,null,,53.9789,-1.523459
Coxs Automotive,21.45388,91.96765,,null,null,,21.45388,91.96765
Carline Automotive,-26.631847,152.953431,,null,null,,-26.631847,152.953431
Blackheath Automotive Services,null,null,,null,null,,null,null
JC Automotive Repairs,-38.022981,144.415607,,null,null,,-38.022981,144.415607
BWS Automotive,52.566607,13.211154,,null,null,,52.566607,13.211154
Norm Clarke Automotive,48.745271,11.475001,,null,null,,48.745271,11.475001
Col Wright Automotive,45.597222,-121.198333,,null,null,,45.597222,-121.198333
Coastal Driven Automotive,32.8867,-79.746302,,null,null,,32.8867,-79.746302
Tanilba Bay Automotive,-32.744978,151.986533,,null,null,,-32.744978,151.986533
Craig Wrightson Automotive,40.520535,-107.543579,,null,null,,40.520535,-107.543579
Springwood Complete Automotive Services,40.830847,-74.205799,,null,null,,40.830847,-74.205799
Lou & Ros Automotive Repairs,48.847544,-95.774022,,null,null,,48.847544,-95.774022
Welcome To McCloy Automotive,4.446812,-75.207835,,null,null,,4.446812,-75.207835
Albert Street Automotive,null,null,,null,null,,null,null
Kogarah Bay Automotive,-33.982487,151.1238,,null,null,,-33.982487,151.1238
Premier Automotive Centre,41.615223,-93.710531,,null,null,,41.615223,-93.710531
Highbury Automotive Services,36.177378,43.940556,,null,null,,36.177378,43.940556
Trimworld Automotive,43.98613,-92.230336,,null,null,,43.98613,-92.230336
Mytek Automotive,45.415482,-75.615149,,null,null,,45.415482,-75.615149
