Name,Address_0,Latitude_0,Longitude_0,place_id,,,,Address_0,Latitude_0,Longitude_0,,C_A,C_T,C_G
Curvaceous Plus Size Clothing,"10/14-18 Preston St, Jamisontown NSW 2750, Australia",-33.7634612,150.6874487,ChIJOdSymVqPEmsRAczPa4IC3sQ,,,,null,null,null,,"10/14-18 Preston St, Jamisontown NSW 2750, Australia",-33.7634612,150.6874487
AuExpress,"42 Boorea St, Lidcombe NSW 2141, Australia",-33.8511657,151.0423126,ChIJ75naN_G8EmsRGXGMBCoqAVA,,,,null,null,null,,"42 Boorea St, Lidcombe NSW 2141, Australia",-33.8511657,151.0423126
Stor PTY LTD,null,null,null,null,,,,"43 High Street Prahran, Melbourne , VIC, 3181, AU",-37.803425,145.01105,,"43 High Street Prahran, Melbourne , VIC, 3181, AU",-37.803425,145.01105
Platinum Vehicle Storage Pty Ltd,null,null,null,null,,,,"21 Raymor Lane, Encounter Bay, South Australia, 5211, AU",-35.54637,138.61702,,"21 Raymor Lane, Encounter Bay, South Australia, 5211, AU",-35.54637,138.61702
MEREDITH TRANSPORT PTY LIMITED,null,null,null,null,,,,null,null,null,,null,null,null
Boost Solutions Pty Ltd,null,null,null,null,,,,"Local, Melbourne, Victoria, null, AU",-37.803425,145.01105,,"Local, Melbourne, Victoria, null, AU",-37.803425,145.01105
Bunbury Self Storage,"10 Nicholson Rd, Picton East WA 6229, Australia",-33.3627075,115.7269134,ChIJW5E3VFviMSoRKWffpDNWmMk,,,,null,null,null,,"10 Nicholson Rd, Picton East WA 6229, Australia",-33.3627075,115.7269134
GT Hydraulics,null,null,null,null,,,,null,null,null,,null,null,null
Conan Products,null,null,null,null,,,,null,null,null,,null,null,null
Angel Storage,"54B Blackwall Point Rd, Chiswick NSW 2046, Australia",-33.8504445,151.1375974,ChIJgwrTKl6lEmsRMNIX3tkrASo,,,,null,null,null,,"54B Blackwall Point Rd, Chiswick NSW 2046, Australia",-33.8504445,151.1375974
Shipping Containers Sydney Pty Ltd,null,null,null,null,,,,null,null,null,,null,null,null
Surplus Equipment Brokers,null,null,null,null,,,,null,null,null,,null,null,null
King Ape Supplements,null,null,null,null,,,,null,null,null,,null,null,null
Total Care Movers - Adelaide Removalist,null,null,null,null,,,,null,null,null,,null,null,null
Marvel Packers,null,null,null,null,,,,null,null,null,,null,null,null
My Linen,"1 Maju Ave, #01-20, Singapore 556679",1.365357,103.865226,ChIJrW6ctP8W2jERVJQIOOpFR4s,,,,null,null,null,,"1 Maju Ave, #01-20, Singapore 556679",1.365357,103.865226
CoGri Australia Pty Ltd,null,null,null,null,,,,null,null,null,,null,null,null
Bae The Label,null,null,null,null,,,,null,null,null,,null,null,null
Taipan Hydraulic Hose Systems Perth,null,null,null,null,,,,null,null,null,,null,null,null
Djglobal,"No. 25, Jalan PPJA 2/6 Pusat perdagangan Alam Jaya, Selangor, 42300 Bandar Puncak Alam, Malaysia",3.2259577,101.4286738,ChIJw0heh4ZZzDERq1UFBmvi8Wk,,,,null,null,null,,"No. 25, Jalan PPJA 2/6 Pusat perdagangan Alam Jaya, Selangor, 42300 Bandar Puncak Alam, Malaysia",3.2259577,101.4286738
Drovers Self Storage,null,null,null,null,,,,null,null,null,,null,null,null
Linen Line Aust Pty Ltd,null,null,null,null,,,,null,null,null,,null,null,null
Versus Wheels Australia,null,null,null,null,,,,null,null,null,,null,null,null
Latrobe Valley Self Storage,"168 Waterloo Rd, Moe VIC 3825, Australia",-38.18277,146.2390176,ChIJNYdFRUoLKWsRbwCCpAOZ5_U,,,,null,null,null,,"168 Waterloo Rd, Moe VIC 3825, Australia",-38.18277,146.2390176
Lux Moves,null,null,null,null,,,,null,null,null,,null,null,null
Braid & Co,null,null,null,null,,,,null,null,null,,null,null,null
Off the Street Storage,null,null,null,null,,,,null,null,null,,null,null,null
Ausbrush Panels,null,null,null,null,,,,null,null,null,,null,null,null
Bundaberg Removals,null,null,null,null,,,,null,null,null,,null,null,null
Goulburn Store All,null,null,null,null,,,,null,null,null,,null,null,null
GC STORAGE,null,null,null,null,,,,null,null,null,,null,null,null
Red Hot Storage,null,null,null,null,,,,null,null,null,,null,null,null
BIGHANDS Building,null,null,null,null,,,,null,null,null,,null,null,null
Mornington Self Storage,null,null,null,null,,,,null,null,null,,null,null,null
Alexander S Removals & Storage,null,null,null,null,,,,null,null,null,,null,null,null
Redland City Storage,null,null,null,null,,,,null,null,null,,null,null,null
Strathgrove Self Storage,null,null,null,null,,,,null,null,null,,null,null,null
Self Storage Central,null,null,null,null,,,,null,null,null,,null,null,null
Darren Borgas Removals,null,null,null,null,,,,null,null,null,,null,null,null
Central Coast Logistics,null,null,null,null,,,,null,null,null,,null,null,null
Sapphire City Self Storage,null,null,null,null,,,,null,null,null,,null,null,null
Tuggerah Storage Centre,null,null,null,null,,,,null,null,null,,null,null,null
A-Shored Self Storage,null,null,null,null,,,,null,null,null,,null,null,null
Storage Ballarat,null,null,null,null,,,,null,null,null,,null,null,null
Duncanag,null,null,null,null,,,,null,null,null,,null,null,null
COOLSTARlogo,null,null,null,null,,,,null,null,null,,null,null,null
Anchor Tank,null,null,null,null,,,,null,null,null,,null,null,null
Storage Solutions WA,null,null,null,null,,,,null,null,null,,null,null,null
Bowral Self Storage,null,null,null,null,,,,null,null,null,,null,null,null
Allan T. Spranklin & Co,null,null,null,null,,,,null,null,null,,null,null,null
Precision Signs WA,null,null,null,null,,,,null,null,null,,null,null,null
Lakeside Storage Park,null,null,null,null,,,,null,null,null,,null,null,null
Clontarf & Kippa Ring Self Storage,null,null,null,null,,,,null,null,null,,null,null,null
Runaway Bay Removals,null,null,null,null,,,,null,null,null,,null,null,null
Coastal Storage Units,null,null,null,null,,,,null,null,null,,null,null,null
Linkfor Building,null,null,null,null,,,,null,null,null,,null,null,null
Goulburn Storage Facilities,null,null,null,null,,,,null,null,null,,null,null,null
Top Gear Classic Car Storage,null,null,null,null,,,,null,null,null,,null,null,null
Mayers Hot Smoked Sa,null,null,null,null,,,,null,null,null,,null,null,null
Adelaide City Self Storage,null,null,null,null,,,,null,null,null,,null,null,null
CDB Transport & Warehousing,null,null,null,null,,,,null,null,null,,null,null,null
SA Lockup,null,null,null,null,,,,null,null,null,,null,null,null
Melbourne Self Storage,null,null,null,null,,,,null,null,null,,null,null,null
Tamworth Mini Storage,null,null,null,null,,,,null,null,null,,null,null,null
ILUKA SELF STORAGE UNITS,null,null,null,null,,,,null,null,null,,null,null,null
Brown Jersey,null,null,null,null,,,,null,null,null,,null,null,null
Breen Street Self Storage,null,null,null,null,,,,null,null,null,,null,null,null
lmstore.com.au,null,null,null,null,,,,null,null,null,,null,null,null
Margate Self Storage,null,null,null,null,,,,null,null,null,,null,null,null
North Brisbane Storage,null,null,null,null,,,,null,null,null,,null,null,null
Zenith Home & Garden Decor,null,null,null,null,,,,null,null,null,,null,null,null
Greenlife Garden Products,null,null,null,null,,,,null,null,null,,null,null,null
Badger Removals,null,null,null,null,,,,null,null,null,,null,null,null
Byron Bay Storage Sheds,null,null,null,null,,,,null,null,null,,null,null,null
Meander Valley Self Storage,null,null,null,null,,,,null,null,null,,null,null,null
Bondi Bag Storage,null,null,null,null,,,,null,null,null,,null,null,null
Storage Quest Self Storage,null,null,null,null,,,,null,null,null,,null,null,null
Ararat Storage Units,null,null,null,null,,,,null,null,null,,null,null,null
Albert Road Self Storage,null,null,null,null,,,,null,null,null,,null,null,null
Bowen Business Machines,null,null,null,null,,,,null,null,null,,null,null,null
Echuca Moama Boat and General Storage,null,null,null,null,,,,null,null,null,,null,null,null
Benworth,null,null,null,null,,,,null,null,null,,null,null,null
Furnware Group Distribution Centre,null,null,null,null,,,,null,null,null,,null,null,null
Oddbins Wine Auctions,null,null,null,null,,,,null,null,null,,null,null,null
Storage Woodend,null,null,null,null,,,,null,null,null,,null,null,null
iStore Storage,null,null,null,null,,,,null,null,null,,null,null,null
Smart Storage Group,null,null,null,null,,,,null,null,null,,null,null,null
Patrick Refrigeration,null,null,null,null,,,,null,null,null,,null,null,null
Budget Warehousing Unanderra,null,null,null,null,,,,null,null,null,,null,null,null
Kingston Storage,null,null,null,null,,,,null,null,null,,null,null,null
Highton Removals & Storage,null,null,null,null,,,,null,null,null,,null,null,null
Yanchep Storage,null,null,null,null,,,,null,null,null,,null,null,null
Summerland Storage,null,null,null,null,,,,null,null,null,,null,null,null
Rizzi Cold Storage,null,null,null,null,,,,null,null,null,,null,null,null
Lismore Secure Storage Sheds,null,null,null,null,,,,null,null,null,,null,null,null
Sinclair Containers,null,null,null,null,,,,null,null,null,,null,null,null
Callipari Wine & Food,null,null,null,null,,,,null,null,null,,null,null,null
Maylands Mini Storage,null,null,null,null,,,,null,null,null,,null,null,null
Jefflin Self Storage,null,null,null,null,,,,null,null,null,,null,null,null
Electrical Search,null,null,null,null,,,,null,null,null,,null,null,null
Shipping Containers Brisbane Pty Ltd,null,null,null,null,,,,null,null,null,,null,null,null
Lifeline Canberra Warehouse,null,null,null,null,,,,null,null,null,,null,null,null
Byron Storage,null,null,null,null,,,,null,null,null,,null,null,null
Premier Removals and Storage,null,null,null,null,,,,null,null,null,,null,null,null
Burleigh Mini Stores & Removals,null,null,null,null,,,,null,null,null,,null,null,null
Jackman Furniture Transport,null,null,null,null,,,,null,null,null,,null,null,null
The Pottery Boutique,null,null,null,null,,,,null,null,null,,null,null,null
Australia Quick Response,null,null,null,null,,,,null,null,null,,null,null,null
BKC Storage,null,null,null,null,,,,null,null,null,,null,null,null
Get Posh Australia Pty,null,null,null,null,,,,null,null,null,,null,null,null
Millicent Self Storage,null,null,null,null,,,,null,null,null,,null,null,null
Access Cold and Dry Storage,null,null,null,null,,,,null,null,null,,null,null,null
Solutions Self Storage,null,null,null,null,,,,null,null,null,,null,null,null
Selah Steel,null,null,null,null,,,,null,null,null,,null,null,null
MONASH SELF,null,null,null,null,,,,null,null,null,,null,null,null
StorEasy Self Storage,null,null,null,null,,,,null,null,null,,null,null,null
Storage 2000 Lonsdale,null,null,null,null,,,,null,null,null,,null,null,null
Storage One Charmhaven,null,null,null,null,,,,null,null,null,,null,null,null
Brasserie in a box,null,null,null,null,,,,null,null,null,,null,null,null
WridgWays Storage,null,null,null,null,,,,null,null,null,,null,null,null
Cheap Sydney Storage,null,null,null,null,,,,null,null,null,,null,null,null
Mooval Removals & Cleaning - Head Office,null,null,null,null,,,,null,null,null,,null,null,null
Hobart Premium Storage,null,null,null,null,,,,null,null,null,,null,null,null
North Coast Removals and Storage,null,null,null,null,,,,null,null,null,,null,null,null
Kenter International,null,null,null,null,,,,null,null,null,,null,null,null
The Base Mitcham,null,null,null,null,,,,null,null,null,,null,null,null
Autohouse Storage,null,null,null,null,,,,null,null,null,,null,null,null
CK Interstate Furniture Removals,null,null,null,null,,,,null,null,null,,null,null,null
Tassie Containers Pty Ltd,null,null,null,null,,,,null,null,null,,null,null,null
Canning Vale Storage Units,null,null,null,null,,,,null,null,null,,null,null,null
Costmart,null,null,null,null,,,,null,null,null,,null,null,null
Toowoomba Vehicle Storage,null,null,null,null,,,,null,null,null,,null,null,null
QBic Storage,null,null,null,null,,,,null,null,null,,null,null,null
Mulwala Boat And Caravan Storage,null,null,null,null,,,,null,null,null,,null,null,null
Broadford Self Storage,null,null,null,null,,,,null,null,null,,null,null,null
ARQUILLA,null,null,null,null,,,,null,null,null,,null,null,null
A1 Security Storage,null,null,null,null,,,,null,null,null,,null,null,null
Crookwell Self Storage,null,null,null,null,,,,null,null,null,,null,null,null
Hospitality Warehouse Albury,null,null,null,null,,,,null,null,null,,null,null,null
Bayside Self Storage,null,null,null,null,,,,null,null,null,,null,null,null
Coffs Harbour Discount Mini Self Storage,null,null,null,null,,,,null,null,null,,null,null,null
Jake Self Storage,null,null,null,null,,,,null,null,null,,null,null,null
Get Smart Self Storage,null,null,null,null,,,,null,null,null,,null,null,null
Keeper Lockers and Storage,null,null,null,null,,,,null,null,null,,null,null,null
Kawana Self Storage,null,null,null,null,,,,null,null,null,,null,null,null
Nambucca Valley Storage,null,null,null,null,,,,null,null,null,,null,null,null
Gippsland Self Storage,null,null,null,null,,,,null,null,null,,null,null,null
Made 4 Marine,null,null,null,null,,,,null,null,null,,null,null,null
ABC & ABA Self Storage,null,null,null,null,,,,null,null,null,,null,null,null
Yuen's Warehouse,null,null,null,null,,,,null,null,null,,null,null,null
"Cars, Boats and Caravans",null,null,null,null,,,,null,null,null,,null,null,null
StoreAll Self Storage,null,null,null,null,,,,null,null,null,,null,null,null
Perth Storage WA,null,null,null,null,,,,null,null,null,,null,null,null
Mclaren Vale Self Storage,null,null,null,null,,,,null,null,null,,null,null,null
Broadbeach Removals,null,null,null,null,,,,null,null,null,,null,null,null
Pizzoni Wimmera Removals & Central Storage,null,null,null,null,,,,null,null,null,,null,null,null
Jervis Bay Boat Storage,null,null,null,null,,,,null,null,null,,null,null,null
COOLABAH SELF STORAGE,null,null,null,null,,,,null,null,null,,null,null,null
Kangaroo Flat Storage P/L,null,null,null,null,,,,null,null,null,,null,null,null
Mildura Self Storage,null,null,null,null,,,,null,null,null,,null,null,null
Bathurst Sheds & Workshops,null,null,null,null,,,,null,null,null,,null,null,null
Dunsborough Self Storage,null,null,null,null,,,,null,null,null,,null,null,null
York & Lancaster Group,null,null,null,null,,,,null,null,null,,null,null,null
Sydney toolboxes,null,null,null,null,,,,null,null,null,,null,null,null
Outstanding Building Products,null,null,null,null,,,,null,null,null,,null,null,null
Launceston Storage Solutions,null,null,null,null,,,,null,null,null,,null,null,null
Bayside Car Storage,null,null,null,null,,,,null,null,null,,null,null,null
Childs Road Self Storage,null,null,null,null,,,,null,null,null,,null,null,null
Thermal Master,null,null,null,null,,,,null,null,null,,null,null,null
RapidAir Systems,null,null,null,null,,,,null,null,null,,null,null,null
GenieGrips Pty Ltd,null,null,null,null,,,,null,null,null,,null,null,null
DGL Group Pty. Ltd.,null,null,null,null,,,,"739 Progress Road, Wacol, QLD, 4076, AU",-27.47126,153.01831,,"739 Progress Road, Wacol, QLD, 4076, AU",-27.47126,153.01831
Genex Wholesale Pty Ltd.,null,null,null,null,,,,null,null,null,,null,null,null
Sabrini foods,null,null,null,null,,,,null,null,null,,null,null,null
Total Racking Systems,null,null,null,null,,,,null,null,null,,null,null,null
Zilco International,null,null,null,null,,,,null,null,null,,null,null,null
Henderson Hose & Fittings,null,null,null,null,,,,null,null,null,,null,null,null
Kappel Pty Ltd,null,null,null,null,,,,null,null,null,,null,null,null
Disttech - Distribution Technologies Pty Ltd,null,null,null,null,,,,"154 Elizabeth Street, Sydney, New South Wales, 2000, AU",-33.84907,151.13834,,"154 Elizabeth Street, Sydney, New South Wales, 2000, AU",-33.84907,151.13834
Industry Property Solutions,null,null,null,null,,,,null,null,null,,null,null,null
PEARL AVIATION AUSTRALIA PTY LTD,null,null,null,null,,,,"Level 3, 19 The Mall, Darwin, NT, 800, AU",-25.574999,134.3547,,"Level 3, 19 The Mall, Darwin, NT, 800, AU",-25.574999,134.3547
APF Cold Storage and Logistics,null,null,null,null,,,,null,null,null,,null,null,null
Australian Sweeper Corporation,null,null,null,null,,,,null,null,null,,null,null,null
WFDS,null,null,null,null,,,,null,null,null,,null,null,null
Storage 2000,null,null,null,null,,,,"334 South Road, Croydon Park, South Australia, 5008, AU",-34.897945,138.59166,,"334 South Road, Croydon Park, South Australia, 5008, AU",-34.897945,138.59166
Rack Audits and Maintenance Pty Ltd,null,null,null,null,,,,null,null,null,,null,null,null
MCS Container Unloaders,null,null,null,null,,,,"null, Sydney, null, null, AU",-33.84907,151.13834,,"null, Sydney, null, null, AU",-33.84907,151.13834
Promtel (Prom-Tel Pty Ltd),null,null,null,null,,,,null,null,null,,null,null,null
Adnohr Marketing,null,null,null,null,,,,"76A Hermitage Road, West Ryde, New South Wales, 2114, AU",-33.84907,151.13834,,"76A Hermitage Road, West Ryde, New South Wales, 2114, AU",-33.84907,151.13834
Alpha Storage & Equipment Pty Ltd,null,null,null,null,,,,null,null,null,,null,null,null
ztr.com.au,null,null,null,null,,,,null,null,null,,null,null,null
Storage Cubes,null,null,null,null,,,,null,null,null,,null,null,null
Simplex Time Australia,null,null,null,null,,,,null,null,null,,null,null,null
Newcastle Sideloaders Pty Ltd,null,null,null,null,,,,null,null,null,,null,null,null
Secure Storage Australia - Townsville,null,null,null,null,,,,null,null,null,,null,null,null
Spartan Self Storage,null,null,null,null,,,,null,null,null,,null,null,null
Vic Palmer,null,null,null,null,,,,null,null,null,,null,null,null
OCAM Global Logistics,null,null,null,null,,,,null,null,null,,null,null,null
Hervey Bay Self Storage,null,null,null,null,,,,null,null,null,,null,null,null
Cairns CBD Self Storage,null,null,null,null,,,,null,null,null,,null,null,null
Sync WMS,null,null,null,null,,,,null,null,null,,null,null,null
Osborne Park Self Storage,null,null,null,null,,,,"119 Hector Street West, Osborne Park, WA, 6017, AU",-31.939821,115.8162,,"119 Hector Street West, Osborne Park, WA, 6017, AU",-31.939821,115.8162
Barossa Bottling Services Pty Ltd,null,null,null,null,,,,null,null,null,,null,null,null
OZtrail,null,null,null,null,,,,null,null,null,,null,null,null
Careers At Bulbeck,null,null,null,null,,,,"null, Newcastle, null, null, AU",-32.92528,151.7527,,"null, Newcastle, null, null, AU",-32.92528,151.7527
Trashaway,null,null,null,null,,,,null,null,null,,null,null,null
Darrell Eades Transport,null,null,null,null,,,,null,null,null,,null,null,null
The Cargo Warehouse,null,null,null,null,,,,null,null,null,,null,null,null
Tasmanian Wine Centre,null,null,null,null,,,,null,null,null,,null,null,null
Saray Rugs,null,null,null,null,,,,null,null,null,,null,null,null
Caravan Storage Sunshine Coast,null,null,null,null,,,,null,null,null,,null,null,null
Motorcycle Tyre Warehouse,null,null,null,null,,,,null,null,null,,null,null,null
House of Orange & HK Living Warehouse,null,null,null,null,,,,null,null,null,,null,null,null
Sub-Zero Refrigerated Truck Rentals,null,null,null,null,,,,null,null,null,,null,null,null
The Charcoal Man - Wholesale Charcoal Supplier,null,null,null,null,,,,null,null,null,,null,null,null
The Berry Man (Aus) Pty LTD,null,null,null,null,,,,null,null,null,,null,null,null
Van Demons Vans,null,null,null,null,,,,null,null,null,,null,null,null
Raikot Logistics Pty Ltd,null,null,null,null,,,,null,null,null,,null,null,null
Mr Caravan Storage,null,null,null,null,,,,null,null,null,,null,null,null
Storage King - Penrith,null,null,null,null,,,,null,null,null,,null,null,null
Port Melbourne Storage,null,null,null,null,,,,null,null,null,,null,null,null
Beverages Plus,null,null,null,null,,,,null,null,null,,null,null,null
Petrie Storage,null,null,null,null,,,,null,null,null,,null,null,null
Mini Storage Albury,null,null,null,null,,,,null,null,null,,null,null,null
Mundingburra Self Storage,null,null,null,null,,,,null,null,null,,null,null,null
Ballina Storage Sheds,null,null,null,null,,,,null,null,null,,null,null,null
Huskisson Self Storage,null,null,null,null,,,,null,null,null,,null,null,null
Bundaberg North Side Storage,null,null,null,null,,,,null,null,null,,null,null,null
Living Benalla,null,null,null,null,,,,null,null,null,,null,null,null
Mega Storage Galore,null,null,null,null,,,,null,null,null,,null,null,null
MTC Self Storage,null,null,null,null,,,,null,null,null,,null,null,null
REDCLIFFE FURNITURE RELOCATIONS AND STORAGE,null,null,null,null,,,,null,null,null,,null,null,null
Cape Storage Exmouth,null,null,null,null,,,,null,null,null,,null,null,null
Activ Storage Equipment,null,null,null,null,,,,null,null,null,,null,null,null
Organised Self Storage,null,null,null,null,,,,null,null,null,,null,null,null
Byron Bay Container Storage,null,null,null,null,,,,null,null,null,,null,null,null
Cool Frog Transport,null,null,null,null,,,,null,null,null,,null,null,null
Medowie Self Storage,null,null,null,null,,,,null,null,null,,null,null,null
Bells Removals & Storage,null,null,null,null,,,,null,null,null,,null,null,null
Hungsway,null,null,null,null,,,,null,null,null,,null,null,null
Allied Seafreight,null,null,null,null,,,,null,null,null,,null,null,null
Integrated Outsourced Services,null,null,null,null,,,,null,null,null,,null,null,null
Margaret River Wine Storage,null,null,null,null,,,,null,null,null,,null,null,null
Universal Pipelines,null,null,null,null,,,,null,null,null,,null,null,null
Melton Craft,null,null,null,null,,,,null,null,null,,null,null,null
Millers Self Storage,null,null,null,null,,,,null,null,null,,null,null,null
Piper Rd Storage,null,null,null,null,,,,"23 Piper Rd, Bendigo, VIC, 3550, AU",-36.759342,144.284,,"23 Piper Rd, Bendigo, VIC, 3550, AU",-36.759342,144.284
Cultured Stone,null,null,null,null,,,,null,null,null,,null,null,null
Groupe Sportif Pty Ltd,null,null,null,null,,,,null,null,null,,null,null,null
Lilydale Freighters PTY Ltd.,null,null,null,null,,,,null,null,null,,null,null,null
Spacey Storage Bathurst,null,null,null,null,,,,null,null,null,,null,null,null
Smart Box Archive Systems,null,null,null,null,,,,null,null,null,,null,null,null
HANK Event Logistics,null,null,null,null,,,,null,null,null,,null,null,null
Oceanamics Pty Ltd,null,null,null,null,,,,null,null,null,,null,null,null
Gateway Container Park,null,null,null,null,,,,null,null,null,,null,null,null
Southys Removals Central Coast,null,null,null,null,,,,null,null,null,,null,null,null
Ambiance Indoor Outdoor Living (Warehouse),null,null,null,null,,,,null,null,null,,null,null,null
Curriculum Kids Pty Ltd,null,null,null,null,,,,null,null,null,,null,null,null
PDWGROUP,null,null,null,null,,,,null,null,null,,null,null,null
Bowen Road Self Storage,null,null,null,null,,,,null,null,null,,null,null,null
East Gippsland Tilt Tray Service,null,null,null,null,,,,null,null,null,,null,null,null
Victor Caravan & Boat Storage,null,null,null,null,,,,null,null,null,,null,null,null
alpine-warehousing,null,null,null,null,,,,null,null,null,,null,null,null
Peninsula Undercover Boat Storage Melbourne,null,null,null,null,,,,null,null,null,,null,null,null
Parkvue Storage,null,null,null,null,,,,null,null,null,,null,null,null
Warragul City Self,null,null,null,null,,,,null,null,null,,null,null,null
Drayton Self Storage,null,null,null,null,,,,null,null,null,,null,null,null
Storage Direct Sunshine Coast,null,null,null,null,,,,null,null,null,,null,null,null
Wagga Secure Storage,null,null,null,null,,,,null,null,null,,null,null,null
WERRIBEE SELF STORAGE,null,null,null,null,,,,null,null,null,,null,null,null
One Scent Pty Ltd,null,null,null,null,,,,"PO Box 6546, Silverwater, NSW, 2128, AU",-33.84907,151.13834,,"PO Box 6546, Silverwater, NSW, 2128, AU",-33.84907,151.13834
Ultimate Impex,null,null,null,null,,,,"7-9 underwood road Homebush, Sydney, NSW, 2145, AU",-33.84907,151.13834,,"7-9 underwood road Homebush, Sydney, NSW, 2145, AU",-33.84907,151.13834
Bionic Self Storage: SUNSHINE COAST'S CHEAPEST & BEST STORAGE!,null,null,null,null,,,,"54 Cresswell Rd, Caloundra, Queensland, 4551, AU",-26.792177,153.09967,,"54 Cresswell Rd, Caloundra, Queensland, 4551, AU",-26.792177,153.09967
Dexion Hendra,null,null,null,null,,,,null,null,null,,null,null,null
Greeneagle Distribution,null,null,null,null,,,,null,null,null,,null,null,null
Rosebud Mini Warehousing,null,null,null,null,,,,null,null,null,,null,null,null
KRB Logistics Resources,null,null,null,null,,,,null,null,null,,null,null,null
Markwell Cold Storage,null,null,null,null,,,,null,null,null,,null,null,null
Storage King Woolloomooloo,null,null,null,null,,,,null,null,null,,null,null,null
Glenelg Self Storage,null,null,null,null,,,,null,null,null,,null,null,null
Deviation Road Self Storage Naracoorte,null,null,null,null,,,,null,null,null,,null,null,null
Hervey Bay Caravan Storage,null,null,null,null,,,,null,null,null,,null,null,null
Keswick Glass Hardware,null,null,null,null,,,,null,null,null,,null,null,null
TOPSEAM,null,null,null,null,,,,null,null,null,,null,null,null
Roma Space & Storage,null,null,null,null,,,,null,null,null,,null,null,null
Stored4U,null,null,null,null,,,,null,null,null,,null,null,null
CENTRAL COAST STORAGE,null,null,null,null,,,,null,null,null,,null,null,null
Gold Coast Self Storage,null,null,null,null,,,,null,null,null,,null,null,null
SOH Melbourne,null,null,null,null,,,,null,null,null,,null,null,null
JOYQUIP,null,null,null,null,,,,null,null,null,,null,null,null
Red Funnel,null,null,null,null,,,,null,null,null,,null,null,null
Stockit & Lockit,null,null,null,null,,,,null,null,null,,null,null,null
Hullys Automotive,null,null,null,null,,,,null,null,null,,null,null,null
Cooee Storage rental,null,null,null,null,,,,null,null,null,,null,null,null
Maleny Self Storage,null,null,null,null,,,,null,null,null,,null,null,null
Bluebee Logistics Pty Ltd,null,null,null,null,,,,null,null,null,,null,null,null
Maryborough City Storage,null,null,null,null,,,,null,null,null,,null,null,null
FPL Solutions Pty Ltd,null,null,null,null,,,,null,null,null,,null,null,null
Rocket Storage,null,null,null,null,,,,null,null,null,,null,null,null
Ross Hopper Container & Storage,null,null,null,null,,,,null,null,null,,null,null,null
Northside Shelving And Racking,null,null,null,null,,,,"2/37, Leighton Pl, Hornsby, NSW, 2077, AU",-33.84907,151.13834,,"2/37, Leighton Pl, Hornsby, NSW, 2077, AU",-33.84907,151.13834
Better Storage Systems,null,null,null,null,,,,"2810 Ipswich Rd, Darra, Queensland, 4076, AU",-27.47126,153.01831,,"2810 Ipswich Rd, Darra, Queensland, 4076, AU",-27.47126,153.01831
Premier Pallet Racking,null,null,null,null,,,,null,null,null,,null,null,null
Fastcharge Australia Pty Ltd,null,null,null,null,,,,null,null,null,,null,null,null
Warehousing & Distribution Solutions,null,null,null,null,,,,"71-81 Byron Rd, Yennora, New South Wales, 2161, AU",-33.84907,151.13834,,"71-81 Byron Rd, Yennora, New South Wales, 2161, AU",-33.84907,151.13834
David Barry Logistics,null,null,null,null,,,,"null, null, null, null, AU",-25.574999,134.3547,,"null, null, null, null, AU",-25.574999,134.3547
Storage Box Self Storage,null,null,null,null,,,,"23-25 Slough Road, Altona, VIC, 3018, AU",-37.803425,145.01105,,"23-25 Slough Road, Altona, VIC, 3018, AU",-37.803425,145.01105
Outdeco Living,null,null,null,null,,,,null,null,null,,null,null,null
Colby Dandenong,null,null,null,null,,,,null,null,null,,null,null,null
DSW,null,null,null,null,,,,"null, AU, null, null, AU",-25.574999,134.3547,,"null, AU, null, null, AU",-25.574999,134.3547
Belpard Australia,null,null,null,null,,,,null,null,null,,null,null,null
Store It Brookvale,null,null,null,null,,,,null,null,null,,null,null,null
Distribution Centre Forum,null,null,null,null,,,,null,null,null,,null,null,null
Hanging Stuff Clothes Airer Australia,null,null,null,null,,,,null,null,null,,null,null,null
U-Freeze-It,null,null,null,null,,,,null,null,null,,null,null,null
BJ Matthews Transport,null,null,null,null,,,,null,null,null,,null,null,null
Border Property Exchange,null,null,null,null,,,,null,null,null,,null,null,null
Bass Coast Storage,null,null,null,null,,,,null,null,null,,null,null,null
Golden Plains Storage,null,null,null,null,,,,null,null,null,,null,null,null
Bayside Boat and Caravan Storage,null,null,null,null,,,,null,null,null,,null,null,null
Jortikka Freighters,null,null,null,null,,,,null,null,null,,null,null,null
Trade Space 24 Seven,null,null,null,null,,,,null,null,null,,null,null,null
Kalimna Storage,null,null,null,null,,,,null,null,null,,null,null,null
Cronulla Removals,null,null,null,null,,,,null,null,null,,null,null,null
Cairns storage,null,null,null,null,,,,null,null,null,,null,null,null
Fremantle City Coldstores,null,null,null,null,,,,null,null,null,,null,null,null
Northern Yorke Storage,null,null,null,null,,,,null,null,null,,null,null,null
Busselton Storage Solutions,null,null,null,null,,,,null,null,null,,null,null,null
CARPARK CADDY,null,null,null,null,,,,null,null,null,,null,null,null
Halliday Relocations,null,null,null,null,,,,null,null,null,,null,null,null
Alstonville Caravan Storage Proudly,null,null,null,null,,,,null,null,null,,null,null,null
North Queensland Storage Units,null,null,null,null,,,,null,null,null,,null,null,null
Independent Grain Handlers,null,null,null,null,,,,null,null,null,,null,null,null
Illawarra Self Storage,null,null,null,null,,,,null,null,null,,null,null,null
Maisey Collections,null,null,null,null,,,,null,null,null,,null,null,null
Aussie Storage Garages,null,null,null,null,,,,null,null,null,,null,null,null
Built By Chill Pty Ltd,null,null,null,null,,,,null,null,null,,null,null,null
Our Storage Place,null,null,null,null,,,,null,null,null,,null,null,null
KISS Docs,null,null,null,null,,,,null,null,null,,null,null,null
Braidwood & District Storage,null,null,null,null,,,,null,null,null,,null,null,null
Catts Self Storage,null,null,null,null,,,,null,null,null,,null,null,null
Bionic Self Storage,null,null,null,null,,,,null,null,null,,null,null,null
Williams AM Pty Ltd.,null,null,null,null,,,,null,null,null,,null,null,null
EASY2CONNECT EUROPE LTD.,null,null,null,null,,,,null,null,null,,null,null,null
Big Boys Toy Storage,null,null,null,null,,,,null,null,null,,null,null,null
Montague Cold Storage Head Office,null,null,null,null,,,,null,null,null,,null,null,null
S&S Holdings,null,null,null,null,,,,"530 Cross Keys Rd, Cavan, South Australia, 5094, AU",-34.897945,138.59166,,"530 Cross Keys Rd, Cavan, South Australia, 5094, AU",-34.897945,138.59166
Auspro Logistics and Mansfield Express,null,null,null,null,,,,null,null,null,,null,null,null
DT Oceania,null,null,null,null,,,,null,null,null,,null,null,null
Growlush,null,null,null,null,,,,null,null,null,,null,null,null
CM Logistics,null,null,null,null,,,,"Ingleburn Rd, Ingleburn, New South Wales, 2565, AU",-33.84907,151.13834,,"Ingleburn Rd, Ingleburn, New South Wales, 2565, AU",-33.84907,151.13834
Raw Cotton Australia,null,null,null,null,,,,null,null,null,,null,null,null
DMD Storage Group,null,null,null,null,,,,null,null,null,,null,null,null
A1 Precision Solutions Pty Ltd,null,null,null,null,,,,null,null,null,,null,null,null
BOS Storage Systems,null,null,null,null,,,,null,null,null,,null,null,null
Constructor ANZ,null,null,null,null,,,,null,null,null,,null,null,null
G&S Logistics,null,null,null,null,,,,"Unit C, Revesby, NSW, 2122, AU",-33.84907,151.13834,,"Unit C, Revesby, NSW, 2122, AU",-33.84907,151.13834
Macrack Australia Pty Ltd,null,null,null,null,,,,"40 Devlan St Mansfield, Brisbane, QLD, 4068, AU",-27.47126,153.01831,,"40 Devlan St Mansfield, Brisbane, QLD, 4068, AU",-27.47126,153.01831
Hills Self Storage,null,null,null,null,,,,"324 Annangrove Rd, Rouse Hill, New South Wales, 2155, AU",-33.712185,150.95753,,"324 Annangrove Rd, Rouse Hill, New South Wales, 2155, AU",-33.712185,150.95753
OZ Labourforce,null,null,null,null,,,,null,null,null,,null,null,null
Port Adelaide Self Storage,null,null,null,null,,,,null,null,null,,null,null,null
iStore Self Storage Darwin,null,null,null,null,,,,null,null,null,,null,null,null
Forklift Jib Attachments,null,null,null,null,,,,null,null,null,,null,null,null
Van Dude,null,null,null,null,,,,null,null,null,,null,null,null
Oz Aquarium Distributors,null,null,null,null,,,,null,null,null,,null,null,null
Shelving HQ,null,null,null,null,,,,null,null,null,,null,null,null
Korean Foods PTY Ltd.,null,null,null,null,,,,null,null,null,,null,null,null
Karook St Storage Cobram,null,null,null,null,,,,null,null,null,,null,null,null
Smart Storage World,null,null,null,null,,,,null,null,null,,null,null,null
Winnellie U Store It,null,null,null,null,,,,null,null,null,,null,null,null
Hamilton Self Storage,null,null,null,null,,,,null,null,null,,null,null,null
Ezy pallets,null,null,null,null,,,,null,null,null,,null,null,null
ADVANCED RACKING AND SHELVING AUSTRALIA,null,null,null,null,,,,null,null,null,,null,null,null
Amazon MEL1,null,null,null,null,,,,null,null,null,,null,null,null
Rekki Pty Ltd,null,null,null,null,,,,"208 Maitland Road, Islington, NSW, 2296, AU",-32.92528,151.7527,,"208 Maitland Road, Islington, NSW, 2296, AU",-32.92528,151.7527
Bolzoni Auramo Pty Ltd.,null,null,null,null,,,,null,null,null,,null,null,null
Total Records Management,null,null,null,null,,,,"null, null, null, 4007, AU",-27.47126,153.01831,,"null, null, null, 4007, AU",-27.47126,153.01831
Subzero Cold Stores,null,null,null,null,,,,null,null,null,,null,null,null
"YONGKANG XINDUO CUPS CO., LTD",null,null,null,null,,,,null,null,null,,null,null,null
COMMANDO STORAGE SYSTEMS,null,null,null,null,,,,"114 Freight Dr, Somerton, Victoria, 3062, AU",-37.803425,145.01105,,"114 Freight Dr, Somerton, Victoria, 3062, AU",-37.803425,145.01105
COMMANDO STORAGE SYSTEMS,null,null,null,null,,,,"114 Freight Dr, Somerton, Victoria, 3062, AU",-37.803425,145.01105,,"114 Freight Dr, Somerton, Victoria, 3062, AU",-37.803425,145.01105
North Orange Secure Storage,null,null,null,null,,,,null,null,null,,null,null,null
Stick It Where It Fits Self Storage,null,null,null,null,,,,null,null,null,,null,null,null
Goolwa Self Storage,null,null,null,null,,,,null,null,null,,null,null,null
BOS Containers,null,null,null,null,,,,null,null,null,,null,null,null
Key Removals,null,null,null,null,,,,null,null,null,,null,null,null
Gisborne Self Storage,null,null,null,null,,,,null,null,null,,null,null,null
Oz Best Choice Products,null,null,null,null,,,,null,null,null,,null,null,null
Dawson Moving,null,null,null,null,,,,null,null,null,,null,null,null
Palmaira Sandals Australia,null,null,null,null,,,,null,null,null,,null,null,null
Namoi Cotton Alliance,null,null,null,null,,,,null,null,null,,null,null,null
IWS Independent Warehouse Solutions,null,null,null,null,,,,null,null,null,,null,null,null
Global Industrial,null,null,null,null,,,,null,null,null,,null,null,null
Unitrans Asia Pacific,null,null,null,null,,,,null,null,null,,null,null,null
Next3pl,null,null,null,null,,,,null,null,null,,null,null,null
Unistor Global Pty Ltd,null,null,null,null,,,,null,null,null,,null,null,null
PULSE Logistics Systems,null,null,null,null,,,,"99 Port Rd, Hindmarsh, South Australia, 5007, AU",-34.897945,138.59166,,"99 Port Rd, Hindmarsh, South Australia, 5007, AU",-34.897945,138.59166
Fork Force Australia,null,null,null,null,,,,null,null,null,,null,null,null
Flavorite Marketing,null,null,null,null,,,,null,null,null,,null,null,null
STATEWIDE INDEPENDENT WHOLESALERS LIMITED,null,null,null,null,,,,null,null,null,,null,null,null
Bohle Cold Rooms Hire,null,null,null,null,,,,null,null,null,,null,null,null
Coast to Coast Storage,null,null,null,null,,,,null,null,null,,null,null,null
Allstorage Self Storage Warwick,null,null,null,null,,,,null,null,null,,null,null,null
Ants Storage,null,null,null,null,,,,null,null,null,,null,null,null
Greater Self-Storage Containers,null,null,null,null,,,,null,null,null,,null,null,null
Bridgetown Self Storage,null,null,null,null,,,,null,null,null,,null,null,null
Time Rite Removals,null,null,null,null,,,,null,null,null,,null,null,null
Undercover Caravan And Boat Storage Geelong,null,null,null,null,,,,null,null,null,,null,null,null
Ballarat RV & Self Storage,null,null,null,null,,,,null,null,null,,null,null,null
Centralian Records Management,null,null,null,null,,,,null,null,null,,null,null,null
RMH Refrigeration & Electrical PTY LTD,null,null,null,null,,,,null,null,null,,null,null,null
ETS Refrigeration,null,null,null,null,,,,null,null,null,,null,null,null
Townsville Bulk Storage & Handling,null,null,null,null,,,,null,null,null,,null,null,null
Mansfield CBD Storage,null,null,null,null,,,,null,null,null,,null,null,null
Sydney Cheap Storage,null,null,null,null,,,,null,null,null,,null,null,null
Fork Extensions,null,null,null,null,,,,null,null,null,,null,null,null
ACT Self Storage,null,null,null,null,,,,null,null,null,,null,null,null
Whyalla Self Storage,null,null,null,null,,,,null,null,null,,null,null,null
Box Hill Self Storage,null,null,null,null,,,,null,null,null,,null,null,null
Panda Slippers,null,null,null,null,,,,null,null,null,,null,null,null
Volvo Truck Production Australia,null,null,null,null,,,,null,null,null,,null,null,null
DOBOY COLD STORES PTY. LTD.,null,null,null,null,,,,null,null,null,,null,null,null
STORAGE IDEAS PTY LTD,null,null,null,null,,,,"27 Ash Road, Prestons, NSW, 2170, AU",-33.84907,151.13834,,"27 Ash Road, Prestons, NSW, 2170, AU",-33.84907,151.13834
Modular Storage Systems Australia,null,null,null,null,,,,null,null,null,,null,null,null
Container Connections,null,null,null,null,,,,null,null,null,,null,null,null
SRR Warehouse Solutions,null,null,null,null,,,,"By Appointment, Darwin, NT, null, AU",-12.428205,130.85509,,"By Appointment, Darwin, NT, null, AU",-12.428205,130.85509
VIP Car Storage,null,null,null,null,,,,"null, null, null, 6006, AU",-31.939821,115.8162,,"null, null, null, 6006, AU",-31.939821,115.8162
Metro Storage,null,null,null,null,,,,null,null,null,,null,null,null
Synergy Placements - Warehousing and Logistics Recruitment,null,null,null,null,,,,null,null,null,,null,null,null
Storite Systems,null,null,null,null,,,,"69-71 Catalano Circuit, Perth, WA, 6155, AU",-31.939821,115.8162,,"69-71 Catalano Circuit, Perth, WA, 6155, AU",-31.939821,115.8162
FBJ Insulated Panel Systems,null,null,null,null,,,,null,null,null,,null,null,null
GTS Container,null,null,null,null,,,,null,null,null,,null,null,null
JP Prestige Motor,null,null,null,null,,,,null,null,null,,null,null,null
Amberley Self Storage,null,null,null,null,,,,null,null,null,,null,null,null
New Waves Merchandising Pty Ltd,null,null,null,null,,,,null,null,null,,null,null,null
Doria Bros,null,null,null,null,,,,null,null,null,,null,null,null
Westlakes Self Storage,null,null,null,null,,,,null,null,null,,null,null,null
Aurora Trading Group Pty Ltd,null,null,null,null,,,,null,null,null,,null,null,null
Gloucester Bigger Storage,null,null,null,null,,,,null,null,null,,null,null,null
Park My Truck,null,null,null,null,,,,null,null,null,,null,null,null
hairbodyskin,null,null,null,null,,,,"PO BOX 6108, North Ryde, NSW, 2113, AU",-33.84907,151.13834,,"PO BOX 6108, North Ryde, NSW, 2113, AU",-33.84907,151.13834
Storage Boss - Self Storage,null,null,null,null,,,,null,null,null,,null,null,null
Xiangsheng Trading,null,null,null,null,,,,"99 Derby St, Silverwater, New South Wales, 2128, AU",-33.84907,151.13834,,"99 Derby St, Silverwater, New South Wales, 2128, AU",-33.84907,151.13834
EASTMAN PACKAGING LIMITED,null,null,null,null,,,,null,null,null,,null,null,null
Taree Mini Storage,null,null,null,null,,,,null,null,null,,null,null,null
Fort Lytton Self Storage,null,null,null,null,,,,null,null,null,,null,null,null
Jandakot Self Storage,null,null,null,null,,,,null,null,null,,null,null,null
Storage King Kirwan,null,null,null,null,,,,null,null,null,,null,null,null
Ezi Storage,null,null,null,null,,,,null,null,null,,null,null,null
Complete Storage Capalaba,null,null,null,null,,,,null,null,null,,null,null,null
Beewise Beekeeping Equipment,null,null,null,null,,,,null,null,null,,null,null,null
Noble Knight,null,null,null,null,,,,null,null,null,,null,null,null
Yandina Self Storage,null,null,null,null,,,,null,null,null,,null,null,null
Mahonys Transport,null,null,null,null,,,,null,null,null,,null,null,null
Bundaberg Refrigeration & Electrical,null,null,null,null,,,,null,null,null,,null,null,null
Lampart Australasia Pty Ltd,null,null,null,null,,,,null,null,null,,null,null,null
Big Orange Self Storage,null,null,null,null,,,,null,null,null,,null,null,null
Chilli Refrigerated Logistics,null,null,null,null,,,,null,null,null,,null,null,null
International Forklifts,null,null,null,null,,,,null,null,null,,null,null,null
G & M Stor-More,null,null,null,null,,,,null,null,null,,null,null,null
Heart of the Earth,null,null,null,null,,,,"4/19 Tasman Way, Byron Arts & Industry, NSW, 2481, AU",-28.670261,153.55615,,"4/19 Tasman Way, Byron Arts & Industry, NSW, 2481, AU",-28.670261,153.55615
Active Forklift,null,null,null,null,,,,null,null,null,,null,null,null
Ridge Logistics,null,null,null,null,,,,"19 Tomlinson Rd, Welshpool, Western Australia, 6106, AU",-31.939821,115.8162,,"19 Tomlinson Rd, Welshpool, Western Australia, 6106, AU",-31.939821,115.8162
Westminster Printing,null,null,null,null,,,,null,null,null,,null,null,null
Storageland Pty Ltd,null,null,null,null,,,,"2 Link Drive, Yatala, Queensland, 4207, AU",-27.47126,153.01831,,"2 Link Drive, Yatala, Queensland, 4207, AU",-27.47126,153.01831
ALLIANCE FLOORING LIMITED,null,null,null,null,,,,null,null,null,,null,null,null
SpacePAL Box Storage - We Come to You,null,null,null,null,,,,null,null,null,,null,null,null
Dexion Nepean,null,null,null,null,,,,"Unit 6a 516 Great Western Highway , St Marys, New South Wales, 2760, AU",-33.84907,151.13834,,"Unit 6a 516 Great Western Highway , St Marys, New South Wales, 2760, AU",-33.84907,151.13834
JAMESTOWN METALS LIMITED,null,null,null,null,,,,null,null,null,,null,null,null
Maddington Storage,null,null,null,null,,,,"1844 Albany Highway, Maddington, WA, 6109, AU",-31.939821,115.8162,,"1844 Albany Highway, Maddington, WA, 6109, AU",-31.939821,115.8162
Econostore,null,null,null,null,,,,null,null,null,,null,null,null
Woy Woy Self Storage,null,null,null,null,,,,null,null,null,,null,null,null
Aclass Self Storage,null,null,null,null,,,,null,null,null,,null,null,null
GADWELL LIMITED,null,null,null,null,,,,null,null,null,,null,null,null
EWM360,null,null,null,null,,,,"null, Sydney, NSW, 2000, AU",-33.84907,151.13834,,"null, Sydney, NSW, 2000, AU",-33.84907,151.13834
All Vic,null,null,null,null,,,,null,null,null,,null,null,null
Hervey Bay Mini Storage,null,null,null,null,,,,null,null,null,,null,null,null
D&C Storage Solutions,null,null,null,null,,,,null,null,null,,null,null,null
Inverloch Self Storage,null,null,null,null,,,,null,null,null,,null,null,null
Multifile,null,null,null,null,,,,null,null,null,,null,null,null
Sydney Mobile Storage,null,null,null,null,,,,null,null,null,,null,null,null
UNISEG Products,null,null,null,null,,,,null,null,null,,null,null,null
Sydney Refrigerated Van Rentals,null,null,null,null,,,,null,null,null,,null,null,null
Geelong Refrigerated Logistics,null,null,null,null,,,,null,null,null,,null,null,null
Shipping Containers Adelaide Pty Ltd,null,null,null,null,,,,null,null,null,,null,null,null
Emgrid Australia Pty. Ltd.,null,null,null,null,,,,null,null,null,,null,null,null
Leisure Coast,null,null,null,null,,,,null,null,null,,null,null,null
Dons Removals And,null,null,null,null,,,,null,null,null,,null,null,null
Central Security Self-Storage,null,null,null,null,,,,null,null,null,,null,null,null
Pretty Wall,null,null,null,null,,,,null,null,null,,null,null,null
TIFS Third Party Logistics,null,null,null,null,,,,null,null,null,,null,null,null
STOREPLAN GROUP PTY LTD,null,null,null,null,,,,null,null,null,,null,null,null
Williams Fashion Logistics,null,null,null,null,,,,"69-73 Gow Street, Padstow, NSW, 2211, AU",-33.84907,151.13834,,"69-73 Gow Street, Padstow, NSW, 2211, AU",-33.84907,151.13834
Warequip,null,null,null,null,,,,null,null,null,,null,null,null
GetAirPal,null,null,null,null,,,,null,null,null,,null,null,null
Dexion Supply Centre Victoria,null,null,null,null,,,,"208 – 218 Abbotts Road, Dandenong South, VIC, 3175, AU",-37.803425,145.01105,,"208 – 218 Abbotts Road, Dandenong South, VIC, 3175, AU",-37.803425,145.01105
QHDC Australia,null,null,null,null,,,,"60 Newheath Drive, Gold Coast, QUEENSLAND, 4214, AU",-27.994457,153.40938,,"60 Newheath Drive, Gold Coast, QUEENSLAND, 4214, AU",-27.994457,153.40938
Emergent Cold,null,null,null,null,,,,"null, Melbourne, null, null, AU",-37.803425,145.01105,,"null, Melbourne, null, null, AU",-37.803425,145.01105
Absolute Storage Systems,null,null,null,null,,,,null,null,null,,null,null,null
Verge Safety Barriers Pty Ltd,null,null,null,null,,,,null,null,null,,null,null,null
HOTEL LIQUOR WHOLESALERS PTY LIMITED,null,null,null,null,,,,null,null,null,,null,null,null
Silver Trading Timber Flooring,null,null,null,null,,,,"4/7 Stubbs Street ,Auburn , Sydney, NSW, 2144, AU",-33.84907,151.13834,,"4/7 Stubbs Street ,Auburn , Sydney, NSW, 2144, AU",-33.84907,151.13834
Tasmanian Independent Retailers,null,null,null,null,,,,null,null,null,,null,null,null
The Old Weaving Mill,null,null,null,null,,,,"16 Sir Joseph Banks St, Botany, New South Wales, 2019, AU",-33.84907,151.13834,,"16 Sir Joseph Banks St, Botany, New South Wales, 2019, AU",-33.84907,151.13834
Pearl Ice Cold chain packaging solution,null,null,null,null,,,,"Elizabeth St, Wetherill Park, New South Wales, 2164, AU",-33.84907,151.13834,,"Elizabeth St, Wetherill Park, New South Wales, 2164, AU",-33.84907,151.13834
Direct Steel Sales,null,null,null,null,,,,null,null,null,,null,null,null
Ballina Byron 3PL Warehousing,null,null,null,null,,,,"3/1 Convair Ave, Ballina, New South Wales, 2478, AU",-28.868448,153.56003,,"3/1 Convair Ave, Ballina, New South Wales, 2478, AU",-28.868448,153.56003
Liquex Logistics,null,null,null,null,,,,"45/49 Vella Dr, Sunshine West, null, 3020, AU",-37.803425,145.01105,,"45/49 Vella Dr, Sunshine West, null, 3020, AU",-37.803425,145.01105
Lucas Arthur 3PL,null,null,null,null,,,,null,null,null,,null,null,null
Automated Mechanised Systems,null,null,null,null,,,,"null, Melbourne, Vic, 3000, AU",-37.803425,145.01105,,"null, Melbourne, Vic, 3000, AU",-37.803425,145.01105
Reef Lodge,null,null,null,null,,,,null,null,null,,null,null,null
Advancetex International,null,null,null,null,,,,null,null,null,,null,null,null
J&L Storage Solutions,null,null,null,null,,,,null,null,null,,null,null,null
Shenton Storage,null,null,null,null,,,,null,null,null,,null,null,null
Wellsford Self Storage Bendigo,null,null,null,null,,,,null,null,null,,null,null,null
GarageSafe,null,null,null,null,,,,null,null,null,,null,null,null
Wynnum Storage,null,null,null,null,,,,null,null,null,,null,null,null
Launceston Airport Storage Units,null,null,null,null,,,,null,null,null,,null,null,null
Palmers Storage,null,null,null,null,,,,null,null,null,,null,null,null
Guest Storage Oakleigh South,null,null,null,null,,,,null,null,null,,null,null,null
Racking Audits Australia Pty Ltd,null,null,null,null,,,,null,null,null,,null,null,null
Spray Blast Inspect (SBI),null,null,null,null,,,,null,null,null,,null,null,null
Emmjay Warehousing Solutions,null,null,null,null,,,,null,null,null,,null,null,null
Colby Storage Solutions,null,null,null,null,,,,null,null,null,,null,null,null
CLIK Collective,null,null,null,null,,,,"2 Chelmsford St, Melbourne, Victoria, 3031, AU",-37.803425,145.01105,,"2 Chelmsford St, Melbourne, Victoria, 3031, AU",-37.803425,145.01105
IPS Logistics Group Pty Ltd,null,null,null,null,,,,"1-5 Bishop Drive, Port of Brisbane, Queensland, 4178, AU",-27.47126,153.01831,,"1-5 Bishop Drive, Port of Brisbane, Queensland, 4178, AU",-27.47126,153.01831
Erect A Rack Pty Ltd,null,null,null,null,,,,null,null,null,,null,null,null
Braid & Co,null,null,null,null,,,,"27-29 Fleming Street , Aitkenvale, QLD, 4814, AU",-19.274282,146.75005,,"27-29 Fleming Street , Aitkenvale, QLD, 4814, AU",-19.274282,146.75005
Wilson Storage,null,null,null,null,,,,null,null,null,,null,null,null
MACKENZIE HILLEBRAND PTY LTD,null,null,null,null,,,,null,null,null,,null,null,null
BioCryo Transport. Simple,null,null,null,null,,,,null,null,null,,null,null,null
Southern Removals & Storage,null,null,null,null,,,,null,null,null,,null,null,null
KolorKode,null,null,null,null,,,,null,null,null,,null,null,null
Murarrie Coldstores,null,null,null,null,,,,null,null,null,,null,null,null
Best Price Pharmacy Warehouse,null,null,null,null,,,,null,null,null,,null,null,null
Namour Transport,null,null,null,null,,,,null,null,null,,null,null,null
Koala Box,null,null,null,null,,,,null,null,null,,null,null,null
4cornerbazaar,null,null,null,null,,,,"12/143 Bonds Rd, Riverwood, New South Wales, 2210, AU",-33.84907,151.13834,,"12/143 Bonds Rd, Riverwood, New South Wales, 2210, AU",-33.84907,151.13834
Federal Park Commercial,null,null,null,null,,,,null,null,null,,null,null,null
Kemlan,null,null,null,null,,,,null,null,null,,null,null,null
arkselfstorage.com.au,null,null,null,null,,,,null,null,null,,null,null,null
Heima Transport Pty Ltd,null,null,null,null,,,,null,null,null,,null,null,null
Mobile Bins,null,null,null,null,,,,null,null,null,,null,null,null
Sub Zero Refrigerated Transport,null,null,null,null,,,,null,null,null,,null,null,null
I&M Global Logistics,null,null,null,null,,,,null,null,null,,null,null,null
Port City Mini Storage,null,null,null,null,,,,null,null,null,,null,null,null
Kingfisher Self Storage,null,null,null,null,,,,null,null,null,,null,null,null
Common User Facility,null,null,null,null,,,,null,null,null,,null,null,null
Wana Living,null,null,null,null,,,,null,null,null,,null,null,null
Lolly Warehouse,null,null,null,null,,,,null,null,null,,null,null,null
Tweed Valley Storage,null,null,null,null,,,,null,null,null,,null,null,null
ADELAIDE MOBILE COOLROOM HIRE,null,null,null,null,,,,null,null,null,,null,null,null
Self Storage Hub,null,null,null,null,,,,null,null,null,,null,null,null
Frank Lowe and Sons,null,null,null,null,,,,null,null,null,,null,null,null
Mansfield Elite Storage,null,null,null,null,,,,null,null,null,,null,null,null
Wizard Safety Storage Solutions,null,null,null,null,,,,null,null,null,,null,null,null
Eze Store Storage,null,null,null,null,,,,null,null,null,,null,null,null
Wilson Storage Southern Sa,null,null,null,null,,,,null,null,null,,null,null,null
Moonah Self Storage,null,null,null,null,,,,null,null,null,,null,null,null
MKT Removals,null,null,null,null,,,,null,null,null,,null,null,null
Refrigerated Vans For,null,null,null,null,,,,null,null,null,,null,null,null
Landsborough Storage,null,null,null,null,,,,null,null,null,,null,null,null
Storage King Bunbury,null,null,null,null,,,,null,null,null,,null,null,null
Bacchus Marsh Self Storage,null,null,null,null,,,,null,null,null,,null,null,null
Wangaratta Self Storage,null,null,null,null,,,,null,null,null,,null,null,null
Cheap Shelving Perth,null,null,null,null,,,,null,null,null,,null,null,null
BCW Storage,null,null,null,null,,,,null,null,null,,null,null,null
Riverland Boat Storage,null,null,null,null,,,,null,null,null,,null,null,null
Way to go refrigerated couriers,null,null,null,null,,,,null,null,null,,null,null,null
Fourth St Self Storage Port Pirie,null,null,null,null,,,,null,null,null,,null,null,null
Gil Dyer & Sons Removals,null,null,null,null,,,,null,null,null,,null,null,null
Warehouse66,null,null,null,null,,,,null,null,null,,null,null,null
ICE Couriers,null,null,null,null,,,,null,null,null,,null,null,null
Dinky Di Self Storage,null,null,null,null,,,,null,null,null,,null,null,null
Ballina Self Storage,null,null,null,null,,,,null,null,null,,null,null,null
Storage Safe,null,null,null,null,,,,null,null,null,,null,null,null
Regis Construction Group,null,null,null,null,,,,null,null,null,,null,null,null
Innovative Rendering P/L,null,null,null,null,,,,null,null,null,,null,null,null
Loctite Self Storage,null,null,null,null,,,,null,null,null,,null,null,null
One Ten Enterprises,null,null,null,null,,,,null,null,null,,null,null,null
Rovan Factories,null,null,null,null,,,,null,null,null,,null,null,null
Jampactt,null,null,null,null,,,,null,null,null,,null,null,null
Monash University Reuse Centre,null,null,null,null,,,,null,null,null,,null,null,null
CQ Bulk Storage,null,null,null,null,,,,null,null,null,,null,null,null
Airport Undercover Parking,null,null,null,null,,,,null,null,null,,null,null,null
Yeppoon Seachange Self Storage,null,null,null,null,,,,null,null,null,,null,null,null
Port Douglas Self Storage,null,null,null,null,,,,null,null,null,,null,null,null
Dankz Furniture - Joondalup Showroom,null,null,null,null,,,,null,null,null,,null,null,null
Landsborough Self,null,null,null,null,,,,null,null,null,,null,null,null
Pack and Stack Self,null,null,null,null,,,,null,null,null,,null,null,null
Oxley Refrigeration and Air Conditioning Pty. Ltd.,null,null,null,null,,,,null,null,null,,null,null,null
TRINC Distribution,null,null,null,null,,,,null,null,null,,null,null,null
Coolway Trans,null,null,null,null,,,,null,null,null,,null,null,null
Thurwood Interstate Transport,null,null,null,null,,,,null,null,null,,null,null,null
Raine & Horne Wagga Wagga - Real Estate Agents,null,null,null,null,,,,null,null,null,,null,null,null
"Koala Self Storage, Osborne Park",null,null,null,null,,,,"54 Roberts Street, Perth, WA, 6017, AU",-31.939821,115.8162,,"54 Roberts Street, Perth, WA, 6017, AU",-31.939821,115.8162
VANDA EXPRESS PTY LTD,null,null,null,null,,,,"22 Belgravia Street, Belmont, Western Australia, 6104, AU",-31.939821,115.8162,,"22 Belgravia Street, Belmont, Western Australia, 6104, AU",-31.939821,115.8162
Holloway Storage Sydney,null,null,null,null,,,,"c/60 Perry St, Matraville, NSW, 2036, AU",-33.84907,151.13834,,"c/60 Perry St, Matraville, NSW, 2036, AU",-33.84907,151.13834
NARRE WARREN SUPER BOWL PTY LTD,null,null,null,null,,,,null,null,null,,null,null,null
Pharmaquip Healthcare,null,null,null,null,,,,null,null,null,,null,null,null
6 Steps Consulting,null,null,null,null,,,,"South Brisbane, Brisbane, Queensland, 4000, AU",-27.47126,153.01831,,"South Brisbane, Brisbane, Queensland, 4000, AU",-27.47126,153.01831
SLR TRANS,null,null,null,null,,,,null,null,null,,null,null,null
Aiello Caffe,null,null,null,null,,,,null,null,null,,null,null,null
Moor Room Self Storage,null,null,null,null,,,,null,null,null,,null,null,null
SA Appliance Warehouse,null,null,null,null,,,,null,null,null,,null,null,null
Forefront Safety Solutions,null,null,null,null,,,,null,null,null,,null,null,null
Cec Mann Real Estate Property Services,null,null,null,null,,,,null,null,null,,null,null,null
Beard & Blade,null,null,null,null,,,,null,null,null,,null,null,null
Storage King - Geelong,null,null,null,null,,,,null,null,null,,null,null,null
Aussie Container Storage,null,null,null,null,,,,null,null,null,,null,null,null
A1 Storage Mildura,null,null,null,null,,,,null,null,null,,null,null,null
Sams Warehouse - Bundaberg,null,null,null,null,,,,null,null,null,,null,null,null
Smart site gear,null,null,null,null,,,,null,null,null,,null,null,null
Pottsville Self Storage,null,null,null,null,,,,null,null,null,,null,null,null
U Save Storage Seaford,null,null,null,null,,,,null,null,null,,null,null,null
Sprenger Furniture,null,null,null,null,,,,null,null,null,,null,null,null
Armadale Removals,null,null,null,null,,,,null,null,null,,null,null,null
Qube Storage,null,null,null,null,,,,null,null,null,,null,null,null
fresh:by:noon,null,null,null,null,,,,null,null,null,,null,null,null
Notting Hill Self Storage,null,null,null,null,,,,null,null,null,,null,null,null
Stoddart Plumbing,null,null,null,null,,,,null,null,null,,null,null,null
INDUSTRIAL FITTINGS SALES PTY LTD.,null,null,null,null,,,,null,null,null,,null,null,null
Storage Plus Australia,null,null,null,null,,,,null,null,null,,null,null,null
COLBY CENTRAL (Colby Storage Solutions Central),null,null,null,null,,,,"27 Ash Road, Prestons, NSW, 2170, AU",-33.84907,151.13834,,"27 Ash Road, Prestons, NSW, 2170, AU",-33.84907,151.13834
Dexion Liverpool,null,null,null,null,,,,null,null,null,,null,null,null
ANI Commercial Storage Pty Ltd,null,null,null,null,,,,null,null,null,,null,null,null
Zallys Australia,null,null,null,null,,,,null,null,null,,null,null,null
Pacific Industrial & Freight Logistics Park,null,null,null,null,,,,null,null,null,,null,null,null
Essential Warehousing,null,null,null,null,,,,null,null,null,,null,null,null
Trident Signs,null,null,null,null,,,,"4 Rogers Way, Landsdale, WA, 6065, AU",-31.939821,115.8162,,"4 Rogers Way, Landsdale, WA, 6065, AU",-31.939821,115.8162
o2shop,null,null,null,null,,,,null,null,null,,null,null,null
All Tamborine Storage,null,null,null,null,,,,null,null,null,,null,null,null
Knopps Removals,null,null,null,null,,,,null,null,null,,null,null,null
Boss National Packaging Supplies Pty,null,null,null,null,,,,null,null,null,,null,null,null
Storage First Business,null,null,null,null,,,,null,null,null,,null,null,null
Lots A Storage Inverloch,null,null,null,null,,,,null,null,null,,null,null,null
Kayel Self Storage,null,null,null,null,,,,null,null,null,,null,null,null
Pallet Hook,null,null,null,null,,,,null,null,null,,null,null,null
ITS Warehousing Solutions,null,null,null,null,,,,null,null,null,,null,null,null
Store Your Stuff Adelaide,null,null,null,null,,,,null,null,null,,null,null,null
Geckolighting,null,null,null,null,,,,null,null,null,,null,null,null
Isle Store Self Storage,null,null,null,null,,,,null,null,null,,null,null,null
VendRep Australia,null,null,null,null,,,,null,null,null,,null,null,null
Naomi Street Self Storage.,null,null,null,null,,,,null,null,null,,null,null,null
South West Parcel Express,null,null,null,null,,,,null,null,null,,null,null,null
Mackay Marina Secure Storage,null,null,null,null,,,,null,null,null,,null,null,null
Barossa Self Storage,null,null,null,null,,,,null,null,null,,null,null,null
"Move, Lock and Store",null,null,null,null,,,,null,null,null,,null,null,null
Ezi Storage Osborne Park,null,null,null,null,,,,null,null,null,,null,null,null
Autocraft Smash Repairs,null,null,null,null,,,,null,null,null,,null,null,null
Western Pet Supplies,null,null,null,null,,,,null,null,null,,null,null,null
Bob's Secondhand Warehouse,null,null,null,null,,,,null,null,null,,null,null,null
Simply Self Storage,null,null,null,null,,,,"38-44 Montague St, North Wollongong, New South Wales, 2500, AU",-34.435642,150.88586,,"38-44 Montague St, North Wollongong, New South Wales, 2500, AU",-34.435642,150.88586
Tablecloths.com.au,"310 Orchard Rd, Singapore 238864",1.3046879,103.8331087,ChIJnaWMiY0Z2jERzVoOVDH5PF0,,,,null,null,null,,"310 Orchard Rd, Singapore 238864",1.3046879,103.8331087
LEE BROTHERS INTERNATIONAL TRADE PTY LTD,null,null,null,null,,,,null,null,null,,null,null,null
DRS INDUSTRIAL,null,null,null,null,,,,null,null,null,,null,null,null
Chittenden's Warehousing & Logistics,null,null,null,null,,,,null,null,null,,null,null,null
Sandy Gallop Golf Club,null,null,null,null,,,,null,null,null,,null,null,null
Bit Pixel Tech Pty Ltd,null,null,null,null,,,,null,null,null,,null,null,null
AXIMA Logistics,null,null,null,null,,,,null,null,null,,null,null,null
Glenwood Storage,"3410 S Glen Ave, Glenwood Springs, CO 81601, United States",39.5165927,-107.3166323,ChIJlSlF1UcIQYcROglYOgFwQKc,,,,null,null,null,,"3410 S Glen Ave, Glenwood Springs, CO 81601, United States",39.5165927,-107.3166323
Woy Woy Storage Park,null,null,null,null,,,,null,null,null,,null,null,null
Gosford Micrographics,null,null,null,null,,,,null,null,null,,null,null,null
QLD Bulk Storage,null,null,null,null,,,,null,null,null,,null,null,null
Logistics1,null,null,null,null,,,,null,null,null,,null,null,null
Sol's Self Storage Sheds,"Unit 3/5 Boyle Rd, Sarina QLD 4737, Australia",-21.4067874,149.2275622,ChIJ4ySLCie222sRR04dTZqJei0,,,,null,null,null,,"Unit 3/5 Boyle Rd, Sarina QLD 4737, Australia",-21.4067874,149.2275622
Jensen Warehouse & Storage,null,null,null,null,,,,null,null,null,,null,null,null
Storage Aus Kwinana,null,null,null,null,,,,null,null,null,,null,null,null
BoxIT! Self Storage,"32-40 Tarnard Dr, Braeside VIC 3195, Australia",-37.989529,145.112638,ChIJLw18KOFs1moRsy5B9yjzPgA,,,,null,null,null,,"32-40 Tarnard Dr, Braeside VIC 3195, Australia",-37.989529,145.112638
Garden Warriors,null,null,null,null,,,,null,null,null,,null,null,null
STORE A BOX,null,null,null,null,,,,"205/84, Sydney, NSW, 2000, AU",-25.574999,134.3547,,"205/84, Sydney, NSW, 2000, AU",-25.574999,134.3547
jun pacific,null,null,null,null,,,,null,null,null,,null,null,null
AGAME Universal,null,null,null,null,,,,"1 Tyrone Pl, Erskine Park, New South Wales, 2759, AU",-33.84907,151.13834,,"1 Tyrone Pl, Erskine Park, New South Wales, 2759, AU",-33.84907,151.13834
iWarehouseWA,null,null,null,null,,,,null,null,null,,null,null,null
Spare Room & Winevault,null,null,null,null,,,,"11 Lanceley Place, Artarmon, NSW, 2064, AU",-33.84907,151.13834,,"11 Lanceley Place, Artarmon, NSW, 2064, AU",-33.84907,151.13834
Iceland Cold Storage,"81 Gateway Blvd, Epping VIC 3076, Australia",-37.6411157,144.9977597,ChIJ2R8UClxO1moROUIX0W7y3WY,,,,null,null,null,,"81 Gateway Blvd, Epping VIC 3076, Australia",-37.6411157,144.9977597
Ezylok Australia,null,null,null,null,,,,"Unit 9/100 Willarong Road, Caringbah, New South Wales, 2229, AU",-33.84907,151.13834,,"Unit 9/100 Willarong Road, Caringbah, New South Wales, 2229, AU",-33.84907,151.13834
Warehouse Sheriff,null,null,null,null,,,,null,null,null,,null,null,null
Storage Plus Australia,null,null,null,null,,,,"167-169 Cremorne Street, Melbourne, Victoria, 3121, AU",-37.803425,145.01105,,"167-169 Cremorne Street, Melbourne, Victoria, 3121, AU",-37.803425,145.01105
Payless Removal,null,null,null,null,,,,"111 Phillp st, Parramatta, NSW, 2150, AU",-33.84907,151.13834,,"111 Phillp st, Parramatta, NSW, 2150, AU",-33.84907,151.13834
Vic Leahy Removal & Storage,null,null,null,null,,,,null,null,null,,null,null,null
Cowra Storage Solutions 2015 All,null,null,null,null,,,,null,null,null,,null,null,null
Holloway Self Storage Sydney,"12-28 Arncliffe St, Wolli Creek NSW 2205, Australia",-33.9338506,151.1500005,ChIJ4z7ZScmxEmsRAFbnk-lJClo,,,,null,null,null,,"12-28 Arncliffe St, Wolli Creek NSW 2205, Australia",-33.9338506,151.1500005
Colliers Central Storage,null,null,null,null,,,,null,null,null,,null,null,null
Spacey Storage Hume,null,null,null,null,,,,null,null,null,,null,null,null
Customs Agency Services,null,null,null,null,,,,null,null,null,,null,null,null
Milos & Sons Warehouse,"Milos, Greece",36.6914464,24.3935655,ChIJOz8yn6sgmRQRmME0rPbcRng,,,,null,null,null,,"Milos, Greece",36.6914464,24.3935655
Catherine Crescent Secure Storage,null,null,null,null,,,,null,null,null,,null,null,null
Golden Plains Self Storage,null,null,null,null,,,,null,null,null,,null,null,null
J & D Self Storage,null,null,null,null,,,,null,null,null,,null,null,null
Gasparini Storage,null,null,null,null,,,,null,null,null,,null,null,null
Indepent Warehouse Solutions,null,null,null,null,,,,"8 Enterprise Pl, Wetherill Park, New South Wales, 2164, AU",-33.84907,151.13834,,"8 Enterprise Pl, Wetherill Park, New South Wales, 2164, AU",-33.84907,151.13834
Ezimetal Raymond Terrace,null,null,null,null,,,,null,null,null,,null,null,null
antons moulding,null,null,null,null,,,,null,null,null,,null,null,null
City West Storage,null,null,null,null,,,,"650 Kororoit Creek Rd, Altona North, Victoria, 3025, AU",-37.803425,145.01105,,"650 Kororoit Creek Rd, Altona North, Victoria, 3025, AU",-37.803425,145.01105
Gepro Australia,null,null,null,null,,,,"null, Perth, null, null, AU",-31.939821,115.8162,,"null, Perth, null, null, AU",-31.939821,115.8162
STEADFAST AUSTRALIA PTY. LTD.,null,null,null,null,,,,null,null,null,,null,null,null
AAA Storage & Removals Wembley,null,null,null,null,,,,null,null,null,,null,null,null
Adco Industries Australia,null,null,null,null,,,,"Acron ST, Elanora, QLD, 4221, AU",-27.994457,153.40938,,"Acron ST, Elanora, QLD, 4221, AU",-27.994457,153.40938
ADN Logistics,null,null,null,null,,,,null,null,null,,null,null,null
Always Secure Self Storage,null,null,null,null,,,,null,null,null,,null,null,null
Koowee Self Storage,null,null,null,null,,,,null,null,null,,null,null,null
Grand Ridge Self - Storage and Hire,null,null,null,null,,,,null,null,null,,null,null,null
Core 150,null,null,null,null,,,,null,null,null,,null,null,null
Classic Modern Porsche Services Pty Ltd,null,null,null,null,,,,null,null,null,,null,null,null
Inna City,null,null,null,null,,,,null,null,null,,null,null,null
All Transport Group,null,null,null,null,,,,null,null,null,,null,null,null
Austraco ATV,null,null,null,null,,,,null,null,null,,null,null,null
Wodonga Storage,null,null,null,null,,,,null,null,null,,null,null,null
Adelaide Hills Removals & Storage,null,null,null,null,,,,null,null,null,,null,null,null
Octibox Self Storage,null,null,null,null,,,,null,null,null,,null,null,null
Southside Self Storage,null,null,null,null,,,,null,null,null,,null,null,null
Clipfast,null,null,null,null,,,,null,null,null,,null,null,null
Pioneer Airport Car Storage,null,null,null,null,,,,null,null,null,,null,null,null
Supercheap Self Storage,null,null,null,null,,,,null,null,null,,null,null,null
BJS Storage,null,null,null,null,,,,null,null,null,,null,null,null
Help Tradies Sa,null,null,null,null,,,,null,null,null,,null,null,null
Tallyhoski,null,null,null,null,,,,null,null,null,,null,null,null
Treendale Self Storage,null,null,null,null,,,,null,null,null,,null,null,null
Ballarat Moving and Storage,null,null,null,null,,,,null,null,null,,null,null,null
Marino Bros Food Logistics,null,null,null,null,,,,null,null,null,,null,null,null
No Shed Sherlock,null,null,null,null,,,,null,null,null,,null,null,null
Lawnton Outdoor Storage,null,null,null,null,,,,null,null,null,,null,null,null
U-Store-It Self Storage - Lonsdale,null,null,null,null,,,,null,null,null,,null,null,null
stockland self storage,null,null,null,null,,,,null,null,null,,null,null,null
A2Z Promotions,null,null,null,null,,,,null,null,null,,null,null,null
Airport Budget Car Parking and Storage in Cairns,null,null,null,null,,,,null,null,null,,null,null,null
Gerringong Storage,null,null,null,null,,,,null,null,null,,null,null,null
Forbes Mini-Storage,null,null,null,null,,,,null,null,null,,null,null,null
WA Industrial Storage,null,null,null,null,,,,null,null,null,,null,null,null
SL Sullivan Logistics Pty Ltd,null,null,null,null,,,,null,null,null,,null,null,null
Arrowmiss Transport,null,null,null,null,,,,null,null,null,,null,null,null
Pakenham Self Storage,null,null,null,null,,,,null,null,null,,null,null,null
elitechemicals.com.au,null,null,null,null,,,,null,null,null,,null,null,null
In2It Sports Distribution Pty. Ltd,null,null,null,null,,,,null,null,null,,null,null,null
Brisbane Air Cleaner Services,null,null,null,null,,,,null,null,null,,null,null,null
GEO Tyres Online,null,null,null,null,,,,null,null,null,,null,null,null
Tin Can Bay Storage Sheds,null,null,null,null,,,,null,null,null,,null,null,null
Scenic Rim Storage,null,null,null,null,,,,null,null,null,,null,null,null
SpaceMaster Storage,null,null,null,null,,,,null,null,null,,null,null,null
REDiNK Group,null,null,null,null,,,,null,null,null,,null,null,null
WEIPA SELF STORAGE,null,null,null,null,,,,null,null,null,,null,null,null
Control4 APAC Pty Ltd,null,null,null,null,,,,null,null,null,,null,null,null
MaxTend,null,null,null,null,,,,null,null,null,,null,null,null
Redbank Boat Storage,null,null,null,null,,,,null,null,null,,null,null,null
Logan Cold Storage Pty,null,null,null,null,,,,null,null,null,,null,null,null
Jendor Containers,null,null,null,null,,,,null,null,null,,null,null,null
In2storage,null,null,null,null,,,,null,null,null,,null,null,null
David Jones Removals & Storage,null,null,null,null,,,,null,null,null,,null,null,null
AAA Caravan Storage,null,null,null,null,,,,null,null,null,,null,null,null
Invermay Self Storage Solutions,null,null,null,null,,,,null,null,null,,null,null,null
Melbourne Car Storage,null,null,null,null,,,,null,null,null,,null,null,null
Murwillumbah Self Storage,null,null,null,null,,,,null,null,null,,null,null,null
Senko Advanced Components Australia P/L,null,null,null,null,,,,null,null,null,,null,null,null
NoSpray,null,null,null,null,,,,null,null,null,,null,null,null
Petface Australasia Pty Ltd,null,null,null,null,,,,null,null,null,,null,null,null
Rhinland Cold Storage,null,null,null,null,,,,null,null,null,,null,null,null
Get Stored Nagambie,null,null,null,null,,,,null,null,null,,null,null,null
Gorilla Film Gear,null,null,null,null,,,,null,null,null,,null,null,null
Agnew Storage,null,null,null,null,,,,null,null,null,,null,null,null
MS Aquariums,null,null,null,null,,,,null,null,null,,null,null,null
Fiesta Legwear,null,null,null,null,,,,null,null,null,,null,null,null
Golden Sun Australia Legion Tools Australia,null,null,null,null,,,,null,null,null,,null,null,null
JH Leavy,null,null,null,null,,,,null,null,null,,null,null,null
Coffs Harbour Discount Self Storage,null,null,null,null,,,,null,null,null,,null,null,null
SA Seafood Express,null,null,null,null,,,,null,null,null,,null,null,null
Jagant Interiors Pty Ltd,null,null,null,null,,,,null,null,null,,null,null,null
Chilli Cheap,null,null,null,null,,,,null,null,null,,null,null,null
GLOBAL VINTAGE COLLECTIVE,null,null,null,null,,,,null,null,null,,null,null,null
BronRob,null,null,null,null,,,,null,null,null,,null,null,null
Maverick Storage,null,null,null,null,,,,null,null,null,,null,null,null
Andrew Mathers Removals,null,null,null,null,,,,null,null,null,,null,null,null
UNEEDACUBE-Mobile Self,null,null,null,null,,,,null,null,null,,null,null,null
Combined Coastal Removals,null,null,null,null,,,,null,null,null,,null,null,null
Devonport Storage Sheds,null,null,null,null,,,,null,null,null,,null,null,null
Vici Swimwear,null,null,null,null,,,,null,null,null,,null,null,null
ArchiveBoxes.com.au,null,null,null,null,,,,null,null,null,,null,null,null
Somerville Storage Yards,null,null,null,null,,,,null,null,null,,null,null,null
STW Logistics Pty Ltd,null,null,null,null,,,,null,null,null,,null,null,null
Create With Us,null,null,null,null,,,,null,null,null,,null,null,null
National Storage,null,null,null,null,,,,null,null,null,,null,null,null
| uTenant. | The Warehousing Matchmaker,null,null,null,null,,,,null,null,null,,null,null,null
KeepSpace,null,null,null,null,,,,null,null,null,,null,null,null
BHD Storage Solutions,null,null,null,null,,,,null,null,null,,null,null,null
Abbott Storage Systems,null,null,null,null,,,,null,null,null,,null,null,null
APC Storage Technology Pty Ltd,null,null,null,null,,,,null,null,null,,null,null,null
Quickmail,null,null,null,null,,,,null,null,null,,null,null,null
SOS Warehousing,null,null,null,null,,,,null,null,null,,null,null,null
Materials Handling Pty Ltd,null,null,null,null,,,,null,null,null,,null,null,null
Warehouse Exchange,null,null,null,null,,,,null,null,null,,null,null,null
Brooklyn Cold Storage,null,null,null,null,,,,null,null,null,,null,null,null
ALLSONS TRANSPORT PTY LTD,null,null,null,null,,,,null,null,null,,null,null,null
Warrigal Rd Self Store,null,null,null,null,,,,"371 Warrigal Rd, Cheltenham, VIC, 3152, AU",-37.803425,145.01105,,"371 Warrigal Rd, Cheltenham, VIC, 3152, AU",-37.803425,145.01105
Icehouse Logistics - Eastern Creek Warehouse,null,null,null,null,,,,null,null,null,,null,null,null
Tasmanian Storage and Logistics,null,null,null,null,,,,"47 South Arm Highway, Rokeby, Tasmania, 7019, AU",-42.876358,147.3237,,"47 South Arm Highway, Rokeby, Tasmania, 7019, AU",-42.876358,147.3237
Handy Crew,null,null,null,null,,,,null,null,null,,null,null,null
Griffith Feed & Grain,null,null,null,null,,,,null,null,null,,null,null,null
Super Easy Storage Perth North,null,null,null,null,,,,null,null,null,,null,null,null
Northern Rivers Storage,null,null,null,null,,,,null,null,null,,null,null,null
4KitsonCo,null,null,null,null,,,,"4 Kitson St,, Frankston, VIC, 3199, AU",-37.803425,145.01105,,"4 Kitson St,, Frankston, VIC, 3199, AU",-37.803425,145.01105
Storageville,null,null,null,null,,,,null,null,null,,null,null,null
White Goods. Storage for Anything!,null,null,null,null,,,,null,null,null,,null,null,null
Martin Allen Antiques,null,null,null,null,,,,null,null,null,,null,null,null
Oxfordeme,null,null,null,null,,,,null,null,null,,null,null,null
Storage King Tingalpa,null,null,null,null,,,,null,null,null,,null,null,null
Crown Storage,null,null,null,null,,,,null,null,null,,null,null,null
MSR Forklifts,null,null,null,null,,,,null,null,null,,null,null,null
Hartman Pacific,null,null,null,null,,,,null,null,null,,null,null,null
Storage King Kingscliff,null,null,null,null,,,,null,null,null,,null,null,null
Self Storage Mate,null,null,null,null,,,,null,null,null,,null,null,null
Asian Tide,null,null,null,null,,,,null,null,null,,null,null,null
Storage on George,null,null,null,null,,,,null,null,null,,null,null,null
Kurilpa Storage,null,null,null,null,,,,null,null,null,,null,null,null
robinastorage.com.au,null,null,null,null,,,,null,null,null,,null,null,null
Hellion Fitness,null,null,null,null,,,,null,null,null,,null,null,null
Go Storage Rockingham,null,null,null,null,,,,null,null,null,,null,null,null
Quattro Self Storage,null,null,null,null,,,,null,null,null,,null,null,null
Huon Valley Storage,null,null,null,null,,,,null,null,null,,null,null,null
Store & Go Tasmania,null,null,null,null,,,,null,null,null,,null,null,null
F&M Supplies,null,null,null,null,,,,null,null,null,,null,null,null
Locks Galore,null,null,null,null,,,,"F1/12 Viewtech Place, Rowville, Victoria, 3178, AU",-37.803425,145.01105,,"F1/12 Viewtech Place, Rowville, Victoria, 3178, AU",-37.803425,145.01105
STARITE DISTRIBUTORS PTY. LTD.,null,null,null,null,,,,null,null,null,,null,null,null
Warehouse By Design Pty Ltd,null,null,null,null,,,,null,null,null,,null,null,null
U-Can Store It,null,null,null,null,,,,"21 Crown Court, Varsity Lakes, Queensland, 4227, AU",-27.994457,153.40938,,"21 Crown Court, Varsity Lakes, Queensland, 4227, AU",-27.994457,153.40938
eFulfillment Services - eFServices,null,null,null,null,,,,null,null,null,,null,null,null
The Pillow Factory,null,null,null,null,,,,null,null,null,,null,null,null
Asia pacific warehouse and distribution services,null,null,null,null,,,,"null, null, null, 3073, AU",-37.803425,145.01105,,"null, null, null, 3073, AU",-37.803425,145.01105
Forklift and General,null,null,null,null,,,,null,null,null,,null,null,null
Storage Park,null,null,null,null,,,,null,null,null,,null,null,null
Warehousing and Logistics Australia,null,null,null,null,,,,"33C MCDOWELL STREET, WELSHPOOL, Western Australia, 6106, AU",-31.939821,115.8162,,"33C MCDOWELL STREET, WELSHPOOL, Western Australia, 6106, AU",-31.939821,115.8162
Brown St Self Storage Sheds Emerald,null,null,null,null,,,,null,null,null,,null,null,null
Griffith Self Storage,null,null,null,null,,,,null,null,null,,null,null,null
United Cattle Breeding,null,null,null,null,,,,null,null,null,,null,null,null
Yoyo Box Pty Ltd,null,null,null,null,,,,null,null,null,,null,null,null
"Great Lakes Boat,Caravan & Furniture storage",null,null,null,null,,,,null,null,null,,null,null,null
Keylock Self Storage,null,null,null,null,,,,null,null,null,,null,null,null
Bay and Basin Caravan Boat and Vehicle Storage,null,null,null,null,,,,null,null,null,,null,null,null
Schiller Transport,null,null,null,null,,,,null,null,null,,null,null,null
Mitaco,null,null,null,null,,,,null,null,null,,null,null,null
Classic Motor Vehicle Storage & Maitenance,null,null,null,null,,,,null,null,null,,null,null,null
Optim Global Logistics Pty,null,null,null,null,,,,null,null,null,,null,null,null
Warrawing Storage Howlong,null,null,null,null,,,,null,null,null,,null,null,null
Mango Hills Self,null,null,null,null,,,,null,null,null,,null,null,null
Bribie Island Self Storage,null,null,null,null,,,,null,null,null,,null,null,null
Wallabi Self Storage,null,null,null,null,,,,null,null,null,,null,null,null
Bible Society Australia Warehouse,null,null,null,null,,,,null,null,null,,null,null,null
East End Self Storage,null,null,null,null,,,,null,null,null,,null,null,null
Byrnes Street Storage,null,null,null,null,,,,null,null,null,,null,null,null
Tea Craft,null,null,null,null,,,,null,null,null,,null,null,null
All Vic Storage Solutions,null,null,null,null,,,,null,null,null,,null,null,null
Toowoomba Container Storage,null,null,null,null,,,,null,null,null,,null,null,null
Streamline Movers Powered,null,null,null,null,,,,null,null,null,,null,null,null
Comet Storage,null,null,null,null,,,,null,null,null,,null,null,null
Alldrone 360 World,null,null,null,null,,,,null,null,null,,null,null,null
Lock N Leave Self Storage,null,null,null,null,,,,null,null,null,,null,null,null
AMG Nuss Removals & Storage,null,null,null,null,,,,null,null,null,,null,null,null
Caroline Springs Self Storage,null,null,null,null,,,,null,null,null,,null,null,null
Local Storage Sheds,null,null,null,null,,,,null,null,null,,null,null,null
Smart Stuff Storage,null,null,null,null,,,,null,null,null,,null,null,null
R.T. Edwards Commercial,null,null,null,null,,,,null,null,null,,null,null,null
Gold Coast Storage,null,null,null,null,,,,null,null,null,,null,null,null
JustBoards,null,null,null,null,,,,null,null,null,,null,null,null
Loopys Towels,null,null,null,null,,,,null,null,null,,null,null,null
Westside Self Storage Toronto,null,null,null,null,,,,null,null,null,,null,null,null
Mackays Produce Solutions,null,null,null,null,,,,null,null,null,,null,null,null
Help Supply Chain Services,null,null,null,null,,,,null,null,null,,null,null,null
Cessnock Self Storage,null,null,null,null,,,,null,null,null,,null,null,null
My Car Storage,null,null,null,null,,,,null,null,null,,null,null,null
Bayside Storage Solutions,null,null,null,null,,,,null,null,null,,null,null,null
Platinum Asset Storage,null,null,null,null,,,,null,null,null,,null,null,null
NATURAL STONE BATH WORX Pty,null,null,null,null,,,,null,null,null,,null,null,null
Easy Vehicle Storage,null,null,null,null,,,,null,null,null,,null,null,null
ALLSORTS SECURE STORAGE,null,null,null,null,,,,null,null,null,,null,null,null
Moruya Budget Storage,null,null,null,null,,,,null,null,null,,null,null,null
ChillFreeze,null,null,null,null,,,,null,null,null,,null,null,null
Dunsborough Storage Units,null,null,null,null,,,,null,null,null,,null,null,null
Gun Cotton Warehouses,null,null,null,null,,,,null,null,null,,null,null,null
Oats Street Self,null,null,null,null,,,,null,null,null,,null,null,null
Mittagong Warehousing and Storage,null,null,null,null,,,,null,null,null,,null,null,null
Sound Self Storage Pty,null,null,null,null,,,,null,null,null,,null,null,null
Arrow Sons Consulting,null,null,null,null,,,,"null, Kingaroy, QLD, null, AU",-25.574999,134.3547,,"null, Kingaroy, QLD, null, AU",-25.574999,134.3547
AIMM Industrial Training,null,null,null,null,,,,"26/315 Archerfield Rd, Richlands, Queensland, 4077, AU",-27.47126,153.01831,,"26/315 Archerfield Rd, Richlands, Queensland, 4077, AU",-27.47126,153.01831
Kayel Solutions Pty Ltd,null,null,null,null,,,,null,null,null,,null,null,null
Fiorelli Freighters,null,null,null,null,,,,null,null,null,,null,null,null
Reflex Equip,null,null,null,null,,,,null,null,null,,null,null,null
Technicolor Distribution Australia Pty Limited,null,null,null,null,,,,null,null,null,,null,null,null
All Storage Solution,null,null,null,null,,,,"58 Boundary Rd, Sunshine West, VIC, 3020, AU",-37.803425,145.01105,,"58 Boundary Rd, Sunshine West, VIC, 3020, AU",-37.803425,145.01105
Europlus Pty Ltd | Europlusfinefood,null,null,null,null,,,,null,null,null,,null,null,null
Smartbox Australia,null,null,null,null,,,,null,null,null,,null,null,null
Ware Hows,null,null,null,null,,,,"22 Henry St, Loganholme, Queensland, 4129, AU",-27.47126,153.01831,,"22 Henry St, Loganholme, Queensland, 4129, AU",-27.47126,153.01831
Storage King Bibra Lake,null,null,null,null,,,,null,null,null,,null,null,null
Dexion Gold Coast,null,null,null,null,,,,null,null,null,,null,null,null
RolaCase,null,null,null,null,,,,null,null,null,,null,null,null
Kas Organics,null,null,null,null,,,,null,null,null,,null,null,null
Novis Logistics,null,null,null,null,,,,null,null,null,,null,null,null
Bayside Storage & Distribution,null,null,null,null,,,,null,null,null,,null,null,null
Forrestfield Self Storage,null,null,null,null,,,,null,null,null,,null,null,null
Queensland Bulk Terminals,null,null,null,null,,,,null,null,null,,null,null,null
Award RV,null,null,null,null,,,,null,null,null,,null,null,null
Mr Pallet Racking Melbourne,null,null,null,null,,,,null,null,null,,null,null,null
Eastern Downs Storage & Stopover,null,null,null,null,,,,null,null,null,,null,null,null
Bankstown Cold Store,null,null,null,null,,,,null,null,null,,null,null,null
South Orange Secure Storage,null,null,null,null,,,,null,null,null,,null,null,null
Adelaide RV,null,null,null,null,,,,null,null,null,,null,null,null
BKG Logistics,null,null,null,null,,,,null,null,null,,null,null,null
ABC Self Storage Perth,null,null,null,null,,,,null,null,null,,null,null,null
Nappyland NSW,null,null,null,null,,,,null,null,null,,null,null,null
Byford Storage Units,null,null,null,null,,,,null,null,null,,null,null,null
Simply Storage Wyong,null,null,null,null,,,,null,null,null,,null,null,null
Porthedland Self Storage,null,null,null,null,,,,null,null,null,,null,null,null
Correct Installs,null,null,null,null,,,,"U2 31 Archimedes Place, Murarrie, Queensland, 4172, AU",-27.47126,153.01831,,"U2 31 Archimedes Place, Murarrie, Queensland, 4172, AU",-27.47126,153.01831
Mello Logistics Solutions,null,null,null,null,,,,null,null,null,,null,null,null
Victor Sports,null,null,null,null,,,,null,null,null,,null,null,null
Adelaide Warehousing and Logistics,null,null,null,null,,,,"318-326 St Vincent Street, Port Adelaide , South Australia, 5015, AU",-34.897945,138.59166,,"318-326 St Vincent Street, Port Adelaide , South Australia, 5015, AU",-34.897945,138.59166
NLW Group,null,null,null,null,,,,"27-33 Toll Street, Bohle, QLD, 4818, AU",-19.216566,146.60027,,"27-33 Toll Street, Bohle, QLD, 4818, AU",-19.216566,146.60027
Lightonline,null,null,null,null,,,,"1-7 Thomas Street, Hawthorn, Victoria, 3122, AU",-37.803425,145.01105,,"1-7 Thomas Street, Hawthorn, Victoria, 3122, AU",-37.803425,145.01105
Advance Document Systems Pty Ltd,null,null,null,null,,,,null,null,null,,null,null,null
Westcoast Logistics,null,null,null,null,,,,"12 Burdon St, Dudley Park, South Australia, 5008, AU",-34.897945,138.59166,,"12 Burdon St, Dudley Park, South Australia, 5008, AU",-34.897945,138.59166
Ozwhite Fences,null,null,null,null,,,,"23 Lancashire Street, Brisbane, QLD, 4110, AU",-27.47126,153.01831,,"23 Lancashire Street, Brisbane, QLD, 4110, AU",-27.47126,153.01831
Store 4 U Bacchus Marsh,null,null,null,null,,,,"10 / 16 Smith Street, Bacchus Marsh, Victoria, 3340, AU",-37.803425,145.01105,,"10 / 16 Smith Street, Bacchus Marsh, Victoria, 3340, AU",-37.803425,145.01105
Transcoast International,null,null,null,null,,,,null,null,null,,null,null,null
Connect Traders,null,null,null,null,,,,null,null,null,,null,null,null
Ralphs Bay Storage,null,null,null,null,,,,null,null,null,,null,null,null
Tuncurry Storage,null,null,null,null,,,,null,null,null,,null,null,null
Sovereign Trade Park,null,null,null,null,,,,null,null,null,,null,null,null
Battery Point Self Storage,null,null,null,null,,,,null,null,null,,null,null,null
Aged Care Linen Specialists,null,null,null,null,,,,null,null,null,,null,null,null
Swimwear Clearance Warehouse,null,null,null,null,,,,null,null,null,,null,null,null
Redback Storage Systems Int,null,null,null,null,,,,null,null,null,,null,null,null
Shift Removals,null,null,null,null,,,,null,null,null,,null,null,null
Bundaberg Self Storage,null,null,null,null,,,,null,null,null,,null,null,null
Dallas Group Self Storage,null,null,null,null,,,,null,null,null,,null,null,null
Dexion Townsville,null,null,null,null,,,,null,null,null,,null,null,null
Lawrence Davis Training Group PTY LTD,null,null,null,null,,,,null,null,null,,null,null,null
Berwick Storage Systems,null,null,null,null,,,,null,null,null,,null,null,null
Storage King Fyshwick,null,null,null,null,,,,null,null,null,,null,null,null
Pipe Hunter,null,null,null,null,,,,null,null,null,,null,null,null
NSW Storage and Distribution Pty,null,null,null,null,,,,null,null,null,,null,null,null
Next Generation Supplements,null,null,null,null,,,,null,null,null,,null,null,null
Caravan Storage Adelaide,null,null,null,null,,,,null,null,null,,null,null,null
Port Pirie Storage Solutions,null,null,null,null,,,,null,null,null,,null,null,null
WoolDoza,null,null,null,null,,,,null,null,null,,null,null,null
Great Southern Express,null,null,null,null,,,,null,null,null,,null,null,null
Crossing Automotive Services,null,null,null,null,,,,null,null,null,,null,null,null
HomeMove Removals & Storage,null,null,null,null,,,,null,null,null,,null,null,null
Wandong Self Storage,null,null,null,null,,,,null,null,null,,null,null,null
Pimpama Self Storage,null,null,null,null,,,,null,null,null,,null,null,null
Marian Street Self Storage,null,null,null,null,,,,null,null,null,,null,null,null
Aussie BBQ Smoke,null,null,null,null,,,,null,null,null,,null,null,null
Metung Marine and Storage,null,null,null,null,,,,null,null,null,,null,null,null
Forkquip (QLD) Pty Ltd,null,null,null,null,,,,null,null,null,,null,null,null
Force Shutters,null,null,null,null,,,,"14 Gympie Way , Willeton , WA, 6155, AU",-31.939821,115.8162,,"14 Gympie Way , Willeton , WA, 6155, AU",-31.939821,115.8162
STEP PROPERTY LIMITED,null,null,null,null,,,,null,null,null,,null,null,null
Carole Park State School,null,null,null,null,,,,null,null,null,,null,null,null
South Beach Storage,null,null,null,null,,,,"94 Cockburn Rd, North Coogee, Western Australia, 6163, AU",-31.939821,115.8162,,"94 Cockburn Rd, North Coogee, Western Australia, 6163, AU",-31.939821,115.8162
Store & More,null,null,null,null,,,,null,null,null,,null,null,null
JANOME SEWING MACHINE,null,null,null,null,,,,null,null,null,,null,null,null
Evakool,null,null,null,null,,,,null,null,null,,null,null,null
Mahmud Distributors,null,null,null,null,,,,null,null,null,,null,null,null
Store My Caravan,null,null,null,null,,,,null,null,null,,null,null,null
Self Storage of Caloundra,null,null,null,null,,,,null,null,null,,null,null,null
Rebel Logistics Warehousing,null,null,null,null,,,,null,null,null,,null,null,null
MightyBox Self Storage,null,null,null,null,,,,null,null,null,,null,null,null
Vasse Self Storage,null,null,null,null,,,,null,null,null,,null,null,null
GREAT 5 SEAWEED PTY LTD,null,null,null,null,,,,null,null,null,,null,null,null
Excite powder coating services,null,null,null,null,,,,null,null,null,,null,null,null
Car & Van Storage Brisbane,null,null,null,null,,,,null,null,null,,null,null,null
Upper Coomera Self Storage,null,null,null,null,,,,null,null,null,,null,null,null
Cassino Mini Storage,null,null,null,null,,,,null,null,null,,null,null,null
Misiti Logistics,null,null,null,null,,,,null,null,null,,null,null,null
GR Warehousing & Distribution,null,null,null,null,,,,null,null,null,,null,null,null
SOUTHERN CROSS METALS PTY. LIMITED,null,null,null,null,,,,null,null,null,,null,null,null
JSLogistics QLD,null,null,null,null,,,,"unit 3 22-24 Strathwyn Street, Brendale, QLD, 4521, AU",-27.47126,153.01831,,"unit 3 22-24 Strathwyn Street, Brendale, QLD, 4521, AU",-27.47126,153.01831
Altamonte Pty Ltd,null,null,null,null,,,,"138-140 Bayfield Rd E, Bayswater North, Victoria, 3153, AU",-37.803425,145.01105,,"138-140 Bayfield Rd E, Bayswater North, Victoria, 3153, AU",-37.803425,145.01105
Melbourne Car Kennel,null,null,null,null,,,,null,null,null,,null,null,null
Lone Oak,null,null,null,null,,,,null,null,null,,null,null,null
The Refund Depot,null,null,null,null,,,,"128 Furniss Rd, Landsdale, Western Australia, 6065, AU",-31.939821,115.8162,,"128 Furniss Rd, Landsdale, Western Australia, 6065, AU",-31.939821,115.8162
Whelan The Warehouse,null,null,null,null,,,,null,null,null,,null,null,null
FEKETE RESEARCH LTD.,null,null,null,null,,,,null,null,null,,null,null,null
Town and Country Warehouse and Logistics Solutions,null,null,null,null,,,,"8 Headingley St, Hope Valley, South Australia, 5090, AU",-34.897945,138.59166,,"8 Headingley St, Hope Valley, South Australia, 5090, AU",-34.897945,138.59166
HBP+ Storage,null,null,null,null,,,,null,null,null,,null,null,null
Acos Ecommerce Group,null,null,null,null,,,,null,null,null,,null,null,null
Ezebox Storage Solutions,null,null,null,null,,,,null,null,null,,null,null,null
Total Ag Services,null,null,null,null,,,,null,null,null,,null,null,null
Stewart Terrace Butchery,null,null,null,null,,,,null,null,null,,null,null,null
AA Lismore Self Storage,null,null,null,null,,,,null,null,null,,null,null,null
Dexion Seven Hills,null,null,null,null,,,,null,null,null,,null,null,null
Peak Storage Solutions,null,null,null,null,,,,null,null,null,,null,null,null
Ashmore Caravan Storage,null,null,null,null,,,,null,null,null,,null,null,null
MoveJust4U,null,null,null,null,,,,null,null,null,,null,null,null
AAA Storage Online,null,null,null,null,,,,null,null,null,,null,null,null
Thomas Self Storage,null,null,null,null,,,,null,null,null,,null,null,null
Storage Direct 2 U,null,null,null,null,,,,null,null,null,,null,null,null
Woolgoolga Self,null,null,null,null,,,,null,null,null,,null,null,null
Katz Loo,null,null,null,null,,,,null,null,null,,null,null,null
PKG Storage,null,null,null,null,,,,null,null,null,,null,null,null
Secure Storage Bangalow,null,null,null,null,,,,null,null,null,,null,null,null
Sahara Logistics (VIC) Pty Ltd,null,null,null,null,,,,null,null,null,,null,null,null
Komkat Pty Ltd.,null,null,null,null,,,,null,null,null,,null,null,null
Kartel Logistics,null,null,null,null,,,,null,null,null,,null,null,null
